,Date,Round No.
0,2023-09-26,1
1,2023-09-26,3
2,2023-10-03,1
3,2023-10-03,3
4,2023-10-03,4
5,2023-10-04,1
6,2023-10-04,2
7,2023-10-04,3
8,2023-10-04,4
9,2023-10-05,1
10,2023-10-09,3
11,2023-10-10,2
12,2023-10-10,3
13,2023-10-11,1
14,2023-10-11,3
15,2023-10-24,2
16,2023-10-27,1
17,2023-10-27,4
18,2023-10-31,1
19,2023-10-31,2
20,2023-11-08,1
21,2023-11-08,2
22,2023-11-08,3
23,2023-11-08,4
24,2023-11-11,1
25,2023-11-11,2
26,2023-11-12,2
27,2023-11-20,2
28,2023-11-22,2
29,2023-11-22,3
30,2023-11-25,2
31,2023-11-25,3
32,2023-11-28,1
33,2023-11-28,2
34,2023-12-05,1
35,2023-12-05,2
36,2023-09-26,2
37,2023-09-28,1
38,2023-10-03,1
39,2023-10-03,4
40,2023-10-04,2
41,2023-10-04,4
42,2023-10-05,2
43,2023-10-10,2
44,2023-10-31,1
45,2023-10-31,2
46,2023-11-08,2
47,2023-11-17,1
48,2023-11-22,3
49,2023-11-22,4
50,2023-11-25,1
51,2023-11-25,2
52,2023-11-27,1
53,2023-11-27,2
54,2023-11-27,3
55,2023-11-28,1
56,2023-11-28,3
57,2023-12-05,1
58,2023-12-05,4
59,2023-12-07,3
