NeuronID,MonkeyName,MonkeyGroup,WindowStart_ms,WindowEnd_ms,MeanSpikeRate
AMG_2023-09-26_2_Channel.C_018_Unit 1,09X,Stranger Things,100,450,5.357142857142858
AMG_2023-09-26_2_Channel.C_018_Unit 1,0EX,Stranger Things,100,450,3.4285714285714284
AMG_2023-09-26_2_Channel.C_018_Unit 1,0FL,Stranger Things,100,450,6.984126984126984
AMG_2023-09-26_2_Channel.C_018_Unit 1,101G,Best Frans,100,450,8.857142857142858
AMG_2023-09-26_2_Channel.C_018_Unit 1,110E,Zombies,100,450,0.8571428571428571
AMG_2023-09-26_2_Channel.C_018_Unit 1,114J,Instigators,100,450,4.0
AMG_2023-09-26_2_Channel.C_018_Unit 1,143H,Zombies,100,450,15.142857142857144
AMG_2023-09-26_2_Channel.C_018_Unit 1,144H,Instigators,100,450,1.4285714285714286
AMG_2023-09-26_2_Channel.C_018_Unit 1,14F,Best Frans,100,450,16.0
AMG_2023-09-26_2_Channel.C_018_Unit 1,151J,Zombies,100,450,11.111111111111112
AMG_2023-09-26_2_Channel.C_018_Unit 1,167I,Instigators,100,450,7.142857142857143
AMG_2023-09-26_2_Channel.C_018_Unit 1,19J,Best Frans,100,450,11.714285714285715
AMG_2023-09-26_2_Channel.C_018_Unit 1,26J,Stranger Things,100,450,16.0
AMG_2023-09-26_2_Channel.C_018_Unit 1,35Y,Instigators,100,450,7.428571428571428
AMG_2023-09-26_2_Channel.C_018_Unit 1,36J,Stranger Things,100,450,4.571428571428571
AMG_2023-09-26_2_Channel.C_018_Unit 1,37I,Stranger Things,100,450,4.1269841269841265
AMG_2023-09-26_2_Channel.C_018_Unit 1,40J,Stranger Things,100,450,11.428571428571429
AMG_2023-09-26_2_Channel.C_018_Unit 1,42Z,Instigators,100,450,4.857142857142857
AMG_2023-09-26_2_Channel.C_018_Unit 1,48Z,Instigators,100,450,6.34920634920635
AMG_2023-09-26_2_Channel.C_018_Unit 1,49Y,Instigators,100,450,2.5714285714285716
AMG_2023-09-26_2_Channel.C_018_Unit 1,58I,Stranger Things,100,450,5.142857142857143
AMG_2023-09-26_2_Channel.C_018_Unit 1,59E,Instigators,100,450,11.428571428571429
AMG_2023-09-26_2_Channel.C_018_Unit 1,67G,Zombies,100,450,13.714285714285714
AMG_2023-09-26_2_Channel.C_018_Unit 1,68E,Instigators,100,450,4.857142857142857
AMG_2023-09-26_2_Channel.C_018_Unit 1,68F,Best Frans,100,450,14.571428571428573
AMG_2023-09-26_2_Channel.C_018_Unit 1,68Y,Stranger Things,100,450,8.285714285714286
AMG_2023-09-26_2_Channel.C_018_Unit 1,69X,Zombies,100,450,4.761904761904763
AMG_2023-09-26_2_Channel.C_018_Unit 1,70G,Instigators,100,450,4.571428571428571
AMG_2023-09-26_2_Channel.C_018_Unit 1,7124,Zombies,100,450,2.857142857142857
AMG_2023-09-26_2_Channel.C_018_Unit 1,72X,Zombies,100,450,19.428571428571427
AMG_2023-09-26_2_Channel.C_018_Unit 1,79G,Instigators,100,450,9.142857142857142
AMG_2023-09-26_2_Channel.C_018_Unit 1,86I,Instigators,100,450,5.428571428571429
AMG_2023-09-26_2_Channel.C_018_Unit 1,87J,Zombies,100,450,2.5714285714285716
AMG_2023-09-26_2_Channel.C_018_Unit 1,94B,Zombies,100,450,7.619047619047619
AMG_2023-09-26_2_Channel.C_018_Unit 1,DF2I,Stranger Things,100,450,4.285714285714286
AMG_2023-09-26_2_Channel.C_018_Unit 1,G701,Best Frans,100,450,10.857142857142858
AMG_2023-09-26_2_Channel.C_018_Unit 1,G942,Instigators,100,450,5.428571428571429
AMG_2023-09-26_2_Channel.C_021_Unit 1,09X,Stranger Things,50,150,6.25
AMG_2023-09-26_2_Channel.C_021_Unit 1,0EX,Stranger Things,50,150,10.0
AMG_2023-09-26_2_Channel.C_021_Unit 1,0FL,Stranger Things,50,150,13.333333333333334
AMG_2023-09-26_2_Channel.C_021_Unit 1,101G,Best Frans,50,150,9.0
AMG_2023-09-26_2_Channel.C_021_Unit 1,110E,Zombies,50,150,9.0
AMG_2023-09-26_2_Channel.C_021_Unit 1,114J,Instigators,50,150,9.0
AMG_2023-09-26_2_Channel.C_021_Unit 1,143H,Zombies,50,150,15.0
AMG_2023-09-26_2_Channel.C_021_Unit 1,144H,Instigators,50,150,9.0
AMG_2023-09-26_2_Channel.C_021_Unit 1,14F,Best Frans,50,150,8.0
AMG_2023-09-26_2_Channel.C_021_Unit 1,151J,Zombies,50,150,8.88888888888889
AMG_2023-09-26_2_Channel.C_021_Unit 1,167I,Instigators,50,150,9.0
AMG_2023-09-26_2_Channel.C_021_Unit 1,19J,Best Frans,50,150,10.0
AMG_2023-09-26_2_Channel.C_021_Unit 1,26J,Stranger Things,50,150,8.0
AMG_2023-09-26_2_Channel.C_021_Unit 1,35Y,Instigators,50,150,10.0
AMG_2023-09-26_2_Channel.C_021_Unit 1,36J,Stranger Things,50,150,11.0
AMG_2023-09-26_2_Channel.C_021_Unit 1,37I,Stranger Things,50,150,13.333333333333334
AMG_2023-09-26_2_Channel.C_021_Unit 1,40J,Stranger Things,50,150,7.0
AMG_2023-09-26_2_Channel.C_021_Unit 1,42Z,Instigators,50,150,2.0
AMG_2023-09-26_2_Channel.C_021_Unit 1,48Z,Instigators,50,150,6.666666666666667
AMG_2023-09-26_2_Channel.C_021_Unit 1,49Y,Instigators,50,150,7.0
AMG_2023-09-26_2_Channel.C_021_Unit 1,58I,Stranger Things,50,150,7.0
AMG_2023-09-26_2_Channel.C_021_Unit 1,59E,Instigators,50,150,10.0
AMG_2023-09-26_2_Channel.C_021_Unit 1,67G,Zombies,50,150,11.0
AMG_2023-09-26_2_Channel.C_021_Unit 1,68E,Instigators,50,150,9.0
AMG_2023-09-26_2_Channel.C_021_Unit 1,68F,Best Frans,50,150,11.0
AMG_2023-09-26_2_Channel.C_021_Unit 1,68Y,Stranger Things,50,150,10.0
AMG_2023-09-26_2_Channel.C_021_Unit 1,69X,Zombies,50,150,10.0
AMG_2023-09-26_2_Channel.C_021_Unit 1,70G,Instigators,50,150,9.0
AMG_2023-09-26_2_Channel.C_021_Unit 1,7124,Zombies,50,150,5.555555555555555
AMG_2023-09-26_2_Channel.C_021_Unit 1,72X,Zombies,50,150,8.0
AMG_2023-09-26_2_Channel.C_021_Unit 1,79G,Instigators,50,150,6.0
AMG_2023-09-26_2_Channel.C_021_Unit 1,86I,Instigators,50,150,11.0
AMG_2023-09-26_2_Channel.C_021_Unit 1,87J,Zombies,50,150,4.0
AMG_2023-09-26_2_Channel.C_021_Unit 1,94B,Zombies,50,150,3.3333333333333335
AMG_2023-09-26_2_Channel.C_021_Unit 1,DF2I,Stranger Things,50,150,6.0
AMG_2023-09-26_2_Channel.C_021_Unit 1,G701,Best Frans,50,150,11.0
AMG_2023-09-26_2_Channel.C_021_Unit 1,G942,Instigators,50,150,7.0
AMG_2023-09-26_2_Channel.C_022_Unit 1,09X,Stranger Things,150,250,36.25
AMG_2023-09-26_2_Channel.C_022_Unit 1,0EX,Stranger Things,150,250,35.0
AMG_2023-09-26_2_Channel.C_022_Unit 1,0FL,Stranger Things,150,250,36.666666666666664
AMG_2023-09-26_2_Channel.C_022_Unit 1,101G,Best Frans,150,250,20.0
AMG_2023-09-26_2_Channel.C_022_Unit 1,110E,Zombies,150,250,44.0
AMG_2023-09-26_2_Channel.C_022_Unit 1,114J,Instigators,150,250,27.0
AMG_2023-09-26_2_Channel.C_022_Unit 1,143H,Zombies,150,250,27.0
AMG_2023-09-26_2_Channel.C_022_Unit 1,144H,Instigators,150,250,55.0
AMG_2023-09-26_2_Channel.C_022_Unit 1,14F,Best Frans,150,250,29.0
AMG_2023-09-26_2_Channel.C_022_Unit 1,151J,Zombies,150,250,30.0
AMG_2023-09-26_2_Channel.C_022_Unit 1,167I,Instigators,150,250,24.0
AMG_2023-09-26_2_Channel.C_022_Unit 1,19J,Best Frans,150,250,21.0
AMG_2023-09-26_2_Channel.C_022_Unit 1,26J,Stranger Things,150,250,33.0
AMG_2023-09-26_2_Channel.C_022_Unit 1,35Y,Instigators,150,250,45.0
AMG_2023-09-26_2_Channel.C_022_Unit 1,36J,Stranger Things,150,250,29.0
AMG_2023-09-26_2_Channel.C_022_Unit 1,37I,Stranger Things,150,250,41.111111111111114
AMG_2023-09-26_2_Channel.C_022_Unit 1,40J,Stranger Things,150,250,18.0
AMG_2023-09-26_2_Channel.C_022_Unit 1,42Z,Instigators,150,250,65.0
AMG_2023-09-26_2_Channel.C_022_Unit 1,48Z,Instigators,150,250,34.44444444444444
AMG_2023-09-26_2_Channel.C_022_Unit 1,49Y,Instigators,150,250,59.0
AMG_2023-09-26_2_Channel.C_022_Unit 1,58I,Stranger Things,150,250,29.0
AMG_2023-09-26_2_Channel.C_022_Unit 1,59E,Instigators,150,250,25.555555555555557
AMG_2023-09-26_2_Channel.C_022_Unit 1,67G,Zombies,150,250,34.0
AMG_2023-09-26_2_Channel.C_022_Unit 1,68E,Instigators,150,250,26.0
AMG_2023-09-26_2_Channel.C_022_Unit 1,68F,Best Frans,150,250,37.0
AMG_2023-09-26_2_Channel.C_022_Unit 1,68Y,Stranger Things,150,250,41.0
AMG_2023-09-26_2_Channel.C_022_Unit 1,69X,Zombies,150,250,47.77777777777778
AMG_2023-09-26_2_Channel.C_022_Unit 1,70G,Instigators,150,250,47.0
AMG_2023-09-26_2_Channel.C_022_Unit 1,7124,Zombies,150,250,47.77777777777778
AMG_2023-09-26_2_Channel.C_022_Unit 1,72X,Zombies,150,250,30.0
AMG_2023-09-26_2_Channel.C_022_Unit 1,79G,Instigators,150,250,45.0
AMG_2023-09-26_2_Channel.C_022_Unit 1,86I,Instigators,150,250,26.0
AMG_2023-09-26_2_Channel.C_022_Unit 1,87J,Zombies,150,250,58.0
AMG_2023-09-26_2_Channel.C_022_Unit 1,94B,Zombies,150,250,43.333333333333336
AMG_2023-09-26_2_Channel.C_022_Unit 1,DF2I,Stranger Things,150,250,38.0
AMG_2023-09-26_2_Channel.C_022_Unit 1,G701,Best Frans,150,250,34.0
AMG_2023-09-26_2_Channel.C_022_Unit 1,G942,Instigators,150,250,32.0
AMG_2023-09-26_3_Channel.C_004_Unit 1,09X,Stranger Things,2050,2150,1.0
AMG_2023-09-26_3_Channel.C_004_Unit 1,0EX,Stranger Things,2050,2150,2.2222222222222223
AMG_2023-09-26_3_Channel.C_004_Unit 1,0FL,Stranger Things,2050,2150,1.0
AMG_2023-09-26_3_Channel.C_004_Unit 1,101G,Best Frans,2050,2150,5.0
AMG_2023-09-26_3_Channel.C_004_Unit 1,110E,Zombies,2050,2150,2.2222222222222223
AMG_2023-09-26_3_Channel.C_004_Unit 1,114J,Instigators,2050,2150,0.0
AMG_2023-09-26_3_Channel.C_004_Unit 1,143H,Zombies,2050,2150,1.0
AMG_2023-09-26_3_Channel.C_004_Unit 1,144H,Instigators,2050,2150,2.5
AMG_2023-09-26_3_Channel.C_004_Unit 1,14F,Best Frans,2050,2150,0.0
AMG_2023-09-26_3_Channel.C_004_Unit 1,151J,Zombies,2050,2150,0.0
AMG_2023-09-26_3_Channel.C_004_Unit 1,167I,Instigators,2050,2150,0.0
AMG_2023-09-26_3_Channel.C_004_Unit 1,19J,Best Frans,2050,2150,2.0
AMG_2023-09-26_3_Channel.C_004_Unit 1,26J,Stranger Things,2050,2150,2.2222222222222223
AMG_2023-09-26_3_Channel.C_004_Unit 1,35Y,Instigators,2050,2150,2.0
AMG_2023-09-26_3_Channel.C_004_Unit 1,36J,Stranger Things,2050,2150,1.0
AMG_2023-09-26_3_Channel.C_004_Unit 1,37I,Stranger Things,2050,2150,3.75
AMG_2023-09-26_3_Channel.C_004_Unit 1,40J,Stranger Things,2050,2150,2.0
AMG_2023-09-26_3_Channel.C_004_Unit 1,42Z,Instigators,2050,2150,1.25
AMG_2023-09-26_3_Channel.C_004_Unit 1,48Z,Instigators,2050,2150,1.1111111111111112
AMG_2023-09-26_3_Channel.C_004_Unit 1,49Y,Instigators,2050,2150,2.2222222222222223
AMG_2023-09-26_3_Channel.C_004_Unit 1,58I,Stranger Things,2050,2150,0.0
AMG_2023-09-26_3_Channel.C_004_Unit 1,59E,Instigators,2050,2150,5.0
AMG_2023-09-26_3_Channel.C_004_Unit 1,67G,Zombies,2050,2150,8.88888888888889
AMG_2023-09-26_3_Channel.C_004_Unit 1,68E,Instigators,2050,2150,0.0
AMG_2023-09-26_3_Channel.C_004_Unit 1,68F,Best Frans,2050,2150,2.2222222222222223
AMG_2023-09-26_3_Channel.C_004_Unit 1,68Y,Stranger Things,2050,2150,1.25
AMG_2023-09-26_3_Channel.C_004_Unit 1,69X,Zombies,2050,2150,5.0
AMG_2023-09-26_3_Channel.C_004_Unit 1,70G,Instigators,2050,2150,2.0
AMG_2023-09-26_3_Channel.C_004_Unit 1,7124,Zombies,2050,2150,1.0
AMG_2023-09-26_3_Channel.C_004_Unit 1,72X,Zombies,2050,2150,0.0
AMG_2023-09-26_3_Channel.C_004_Unit 1,79G,Instigators,2050,2150,1.1111111111111112
AMG_2023-09-26_3_Channel.C_004_Unit 1,86I,Instigators,2050,2150,0.0
AMG_2023-09-26_3_Channel.C_004_Unit 1,87J,Zombies,2050,2150,0.0
AMG_2023-09-26_3_Channel.C_004_Unit 1,94B,Zombies,2050,2150,3.0
AMG_2023-09-26_3_Channel.C_004_Unit 1,DF2I,Stranger Things,2050,2150,3.75
AMG_2023-09-26_3_Channel.C_004_Unit 1,G701,Best Frans,2050,2150,5.0
AMG_2023-09-26_3_Channel.C_004_Unit 1,G942,Instigators,2050,2150,2.5
AMG_2023-10-03_1_Channel.C_021_Unit 1,09X,Stranger Things,1050,1150,2.2222222222222223
AMG_2023-10-03_1_Channel.C_021_Unit 1,0EX,Stranger Things,1050,1150,4.0
AMG_2023-10-03_1_Channel.C_021_Unit 1,0FL,Stranger Things,1050,1150,3.3333333333333335
AMG_2023-10-03_1_Channel.C_021_Unit 1,101G,Best Frans,1050,1150,4.0
AMG_2023-10-03_1_Channel.C_021_Unit 1,110E,Zombies,1050,1150,3.3333333333333335
AMG_2023-10-03_1_Channel.C_021_Unit 1,114J,Instigators,1050,1150,4.0
AMG_2023-10-03_1_Channel.C_021_Unit 1,143H,Zombies,1050,1150,3.3333333333333335
AMG_2023-10-03_1_Channel.C_021_Unit 1,144H,Instigators,1050,1150,1.0
AMG_2023-10-03_1_Channel.C_021_Unit 1,14F,Best Frans,1050,1150,0.0
AMG_2023-10-03_1_Channel.C_021_Unit 1,151J,Zombies,1050,1150,5.0
AMG_2023-10-03_1_Channel.C_021_Unit 1,167I,Instigators,1050,1150,3.3333333333333335
AMG_2023-10-03_1_Channel.C_021_Unit 1,19J,Best Frans,1050,1150,3.0
AMG_2023-10-03_1_Channel.C_021_Unit 1,26J,Stranger Things,1050,1150,3.0
AMG_2023-10-03_1_Channel.C_021_Unit 1,35Y,Instigators,1050,1150,7.5
AMG_2023-10-03_1_Channel.C_021_Unit 1,36J,Stranger Things,1050,1150,4.0
AMG_2023-10-03_1_Channel.C_021_Unit 1,37I,Stranger Things,1050,1150,2.2222222222222223
AMG_2023-10-03_1_Channel.C_021_Unit 1,40J,Stranger Things,1050,1150,5.0
AMG_2023-10-03_1_Channel.C_021_Unit 1,42Z,Instigators,1050,1150,0.0
AMG_2023-10-03_1_Channel.C_021_Unit 1,48Z,Instigators,1050,1150,8.0
AMG_2023-10-03_1_Channel.C_021_Unit 1,49Y,Instigators,1050,1150,1.0
AMG_2023-10-03_1_Channel.C_021_Unit 1,58I,Stranger Things,1050,1150,2.857142857142857
AMG_2023-10-03_1_Channel.C_021_Unit 1,59E,Instigators,1050,1150,5.0
AMG_2023-10-03_1_Channel.C_021_Unit 1,67G,Zombies,1050,1150,2.0
AMG_2023-10-03_1_Channel.C_021_Unit 1,68E,Instigators,1050,1150,2.0
AMG_2023-10-03_1_Channel.C_021_Unit 1,68F,Best Frans,1050,1150,3.0
AMG_2023-10-03_1_Channel.C_021_Unit 1,68Y,Stranger Things,1050,1150,2.2222222222222223
AMG_2023-10-03_1_Channel.C_021_Unit 1,69X,Zombies,1050,1150,0.0
AMG_2023-10-03_1_Channel.C_021_Unit 1,70G,Instigators,1050,1150,1.0
AMG_2023-10-03_1_Channel.C_021_Unit 1,7124,Zombies,1050,1150,3.3333333333333335
AMG_2023-10-03_1_Channel.C_021_Unit 1,72X,Zombies,1050,1150,2.0
AMG_2023-10-03_1_Channel.C_021_Unit 1,79G,Instigators,1050,1150,3.75
AMG_2023-10-03_1_Channel.C_021_Unit 1,86I,Instigators,1050,1150,2.5
AMG_2023-10-03_1_Channel.C_021_Unit 1,87J,Zombies,1050,1150,3.0
AMG_2023-10-03_1_Channel.C_021_Unit 1,94B,Zombies,1050,1150,14.444444444444445
AMG_2023-10-03_1_Channel.C_021_Unit 1,DF2I,Stranger Things,1050,1150,5.555555555555555
AMG_2023-10-03_1_Channel.C_021_Unit 1,G701,Best Frans,1050,1150,4.0
AMG_2023-10-03_1_Channel.C_021_Unit 1,G942,Instigators,1050,1150,5.555555555555555
AMG_2023-10-03_3_Channel.C_020_Unit 1,09X,Stranger Things,300,450,8.666666666666668
AMG_2023-10-03_3_Channel.C_020_Unit 1,09X,Stranger Things,800,900,4.0
AMG_2023-10-03_3_Channel.C_020_Unit 1,0EX,Stranger Things,300,450,2.666666666666667
AMG_2023-10-03_3_Channel.C_020_Unit 1,0EX,Stranger Things,800,900,0.0
AMG_2023-10-03_3_Channel.C_020_Unit 1,0FL,Stranger Things,300,450,4.0
AMG_2023-10-03_3_Channel.C_020_Unit 1,0FL,Stranger Things,800,900,4.0
AMG_2023-10-03_3_Channel.C_020_Unit 1,101G,Best Frans,300,450,0.0
AMG_2023-10-03_3_Channel.C_020_Unit 1,101G,Best Frans,800,900,0.0
AMG_2023-10-03_3_Channel.C_020_Unit 1,110E,Zombies,300,450,2.0
AMG_2023-10-03_3_Channel.C_020_Unit 1,110E,Zombies,800,900,2.0
AMG_2023-10-03_3_Channel.C_020_Unit 1,114J,Instigators,300,450,0.0
AMG_2023-10-03_3_Channel.C_020_Unit 1,114J,Instigators,800,900,0.0
AMG_2023-10-03_3_Channel.C_020_Unit 1,143H,Zombies,300,450,0.0
AMG_2023-10-03_3_Channel.C_020_Unit 1,143H,Zombies,800,900,0.0
AMG_2023-10-03_3_Channel.C_020_Unit 1,144H,Instigators,300,450,2.666666666666667
AMG_2023-10-03_3_Channel.C_020_Unit 1,144H,Instigators,800,900,0.0
AMG_2023-10-03_3_Channel.C_020_Unit 1,14F,Best Frans,300,450,1.3333333333333335
AMG_2023-10-03_3_Channel.C_020_Unit 1,14F,Best Frans,800,900,0.0
AMG_2023-10-03_3_Channel.C_020_Unit 1,151J,Zombies,300,450,0.0
AMG_2023-10-03_3_Channel.C_020_Unit 1,151J,Zombies,800,900,0.0
AMG_2023-10-03_3_Channel.C_020_Unit 1,167I,Instigators,300,450,0.0
AMG_2023-10-03_3_Channel.C_020_Unit 1,167I,Instigators,800,900,0.0
AMG_2023-10-03_3_Channel.C_020_Unit 1,19J,Best Frans,300,450,0.0
AMG_2023-10-03_3_Channel.C_020_Unit 1,19J,Best Frans,800,900,0.0
AMG_2023-10-03_3_Channel.C_020_Unit 1,26J,Stranger Things,300,450,0.0
AMG_2023-10-03_3_Channel.C_020_Unit 1,26J,Stranger Things,800,900,0.0
AMG_2023-10-03_3_Channel.C_020_Unit 1,35Y,Instigators,300,450,3.3333333333333335
AMG_2023-10-03_3_Channel.C_020_Unit 1,35Y,Instigators,800,900,0.0
AMG_2023-10-03_3_Channel.C_020_Unit 1,36J,Stranger Things,300,450,0.0
AMG_2023-10-03_3_Channel.C_020_Unit 1,36J,Stranger Things,800,900,0.0
AMG_2023-10-03_3_Channel.C_020_Unit 1,37I,Stranger Things,300,450,0.0
AMG_2023-10-03_3_Channel.C_020_Unit 1,37I,Stranger Things,800,900,0.0
AMG_2023-10-03_3_Channel.C_020_Unit 1,40J,Stranger Things,300,450,0.0
AMG_2023-10-03_3_Channel.C_020_Unit 1,40J,Stranger Things,800,900,0.0
AMG_2023-10-03_3_Channel.C_020_Unit 1,42Z,Instigators,300,450,1.3333333333333335
AMG_2023-10-03_3_Channel.C_020_Unit 1,42Z,Instigators,800,900,0.0
AMG_2023-10-03_3_Channel.C_020_Unit 1,48Z,Instigators,300,450,0.0
AMG_2023-10-03_3_Channel.C_020_Unit 1,48Z,Instigators,800,900,2.0
AMG_2023-10-03_3_Channel.C_020_Unit 1,49Y,Instigators,300,450,0.0
AMG_2023-10-03_3_Channel.C_020_Unit 1,49Y,Instigators,800,900,0.0
AMG_2023-10-03_3_Channel.C_020_Unit 1,58I,Stranger Things,300,450,0.0
AMG_2023-10-03_3_Channel.C_020_Unit 1,58I,Stranger Things,800,900,0.0
AMG_2023-10-03_3_Channel.C_020_Unit 1,59E,Instigators,300,450,2.666666666666667
AMG_2023-10-03_3_Channel.C_020_Unit 1,59E,Instigators,800,900,2.0
AMG_2023-10-03_3_Channel.C_020_Unit 1,67G,Zombies,300,450,0.0
AMG_2023-10-03_3_Channel.C_020_Unit 1,67G,Zombies,800,900,0.0
AMG_2023-10-03_3_Channel.C_020_Unit 1,68E,Instigators,300,450,2.2222222222222223
AMG_2023-10-03_3_Channel.C_020_Unit 1,68E,Instigators,800,900,3.3333333333333335
AMG_2023-10-03_3_Channel.C_020_Unit 1,68F,Best Frans,300,450,2.0
AMG_2023-10-03_3_Channel.C_020_Unit 1,68F,Best Frans,800,900,0.0
AMG_2023-10-03_3_Channel.C_020_Unit 1,68Y,Stranger Things,300,450,2.9629629629629632
AMG_2023-10-03_3_Channel.C_020_Unit 1,68Y,Stranger Things,800,900,5.555555555555555
AMG_2023-10-03_3_Channel.C_020_Unit 1,69X,Zombies,300,450,5.9259259259259265
AMG_2023-10-03_3_Channel.C_020_Unit 1,69X,Zombies,800,900,5.555555555555555
AMG_2023-10-03_3_Channel.C_020_Unit 1,70G,Instigators,300,450,1.3333333333333335
AMG_2023-10-03_3_Channel.C_020_Unit 1,70G,Instigators,800,900,0.0
AMG_2023-10-03_3_Channel.C_020_Unit 1,7124,Zombies,300,450,11.333333333333334
AMG_2023-10-03_3_Channel.C_020_Unit 1,7124,Zombies,800,900,11.0
AMG_2023-10-03_3_Channel.C_020_Unit 1,72X,Zombies,300,450,0.0
AMG_2023-10-03_3_Channel.C_020_Unit 1,72X,Zombies,800,900,0.0
AMG_2023-10-03_3_Channel.C_020_Unit 1,79G,Instigators,300,450,1.3333333333333335
AMG_2023-10-03_3_Channel.C_020_Unit 1,79G,Instigators,800,900,0.0
AMG_2023-10-03_3_Channel.C_020_Unit 1,86I,Instigators,300,450,1.4814814814814816
AMG_2023-10-03_3_Channel.C_020_Unit 1,86I,Instigators,800,900,0.0
AMG_2023-10-03_3_Channel.C_020_Unit 1,87J,Zombies,300,450,0.0
AMG_2023-10-03_3_Channel.C_020_Unit 1,87J,Zombies,800,900,0.0
AMG_2023-10-03_3_Channel.C_020_Unit 1,94B,Zombies,300,450,0.0
AMG_2023-10-03_3_Channel.C_020_Unit 1,94B,Zombies,800,900,2.2222222222222223
AMG_2023-10-03_3_Channel.C_020_Unit 1,DF2I,Stranger Things,300,450,6.666666666666667
AMG_2023-10-03_3_Channel.C_020_Unit 1,DF2I,Stranger Things,800,900,1.0
AMG_2023-10-03_3_Channel.C_020_Unit 1,G701,Best Frans,300,450,6.0
AMG_2023-10-03_3_Channel.C_020_Unit 1,G701,Best Frans,800,900,0.0
AMG_2023-10-03_3_Channel.C_020_Unit 1,G942,Instigators,300,450,3.3333333333333335
AMG_2023-10-03_3_Channel.C_020_Unit 1,G942,Instigators,800,900,2.0
AMG_2023-10-03_4_Channel.C_002_Unit 1,09X,Stranger Things,300,650,6.285714285714286
AMG_2023-10-03_4_Channel.C_002_Unit 1,0EX,Stranger Things,300,650,1.7142857142857142
AMG_2023-10-03_4_Channel.C_002_Unit 1,0FL,Stranger Things,300,650,6.031746031746032
AMG_2023-10-03_4_Channel.C_002_Unit 1,101G,Best Frans,300,650,0.0
AMG_2023-10-03_4_Channel.C_002_Unit 1,110E,Zombies,300,650,4.0
AMG_2023-10-03_4_Channel.C_002_Unit 1,114J,Instigators,300,650,0.0
AMG_2023-10-03_4_Channel.C_002_Unit 1,143H,Zombies,300,650,2.0
AMG_2023-10-03_4_Channel.C_002_Unit 1,144H,Instigators,300,650,0.6349206349206349
AMG_2023-10-03_4_Channel.C_002_Unit 1,14F,Best Frans,300,650,1.7142857142857142
AMG_2023-10-03_4_Channel.C_002_Unit 1,151J,Zombies,300,650,0.0
AMG_2023-10-03_4_Channel.C_002_Unit 1,167I,Instigators,300,650,2.2222222222222223
AMG_2023-10-03_4_Channel.C_002_Unit 1,19J,Best Frans,300,650,0.0
AMG_2023-10-03_4_Channel.C_002_Unit 1,26J,Stranger Things,300,650,0.0
AMG_2023-10-03_4_Channel.C_002_Unit 1,35Y,Instigators,300,650,4.571428571428571
AMG_2023-10-03_4_Channel.C_002_Unit 1,36J,Stranger Things,300,650,0.0
AMG_2023-10-03_4_Channel.C_002_Unit 1,37I,Stranger Things,300,650,0.2857142857142857
AMG_2023-10-03_4_Channel.C_002_Unit 1,40J,Stranger Things,300,650,0.2857142857142857
AMG_2023-10-03_4_Channel.C_002_Unit 1,42Z,Instigators,300,650,0.5714285714285714
AMG_2023-10-03_4_Channel.C_002_Unit 1,48Z,Instigators,300,650,5.714285714285714
AMG_2023-10-03_4_Channel.C_002_Unit 1,49Y,Instigators,300,650,0.2857142857142857
AMG_2023-10-03_4_Channel.C_002_Unit 1,58I,Stranger Things,300,650,0.0
AMG_2023-10-03_4_Channel.C_002_Unit 1,59E,Instigators,300,650,4.761904761904762
AMG_2023-10-03_4_Channel.C_002_Unit 1,67G,Zombies,300,650,0.0
AMG_2023-10-03_4_Channel.C_002_Unit 1,68E,Instigators,300,650,2.5396825396825395
AMG_2023-10-03_4_Channel.C_002_Unit 1,68F,Best Frans,300,650,0.5714285714285714
AMG_2023-10-03_4_Channel.C_002_Unit 1,68Y,Stranger Things,300,650,9.714285714285715
AMG_2023-10-03_4_Channel.C_002_Unit 1,69X,Zombies,300,650,5.142857142857143
AMG_2023-10-03_4_Channel.C_002_Unit 1,70G,Instigators,300,650,1.7142857142857142
AMG_2023-10-03_4_Channel.C_002_Unit 1,7124,Zombies,300,650,9.714285714285714
AMG_2023-10-03_4_Channel.C_002_Unit 1,72X,Zombies,300,650,3.1428571428571432
AMG_2023-10-03_4_Channel.C_002_Unit 1,79G,Instigators,300,650,2.5714285714285716
AMG_2023-10-03_4_Channel.C_002_Unit 1,86I,Instigators,300,650,1.1428571428571428
AMG_2023-10-03_4_Channel.C_002_Unit 1,87J,Zombies,300,650,0.0
AMG_2023-10-03_4_Channel.C_002_Unit 1,94B,Zombies,300,650,1.7142857142857142
AMG_2023-10-03_4_Channel.C_002_Unit 1,DF2I,Stranger Things,300,650,5.142857142857143
AMG_2023-10-03_4_Channel.C_002_Unit 1,G701,Best Frans,300,650,9.142857142857142
AMG_2023-10-03_4_Channel.C_002_Unit 1,G942,Instigators,300,650,1.2698412698412698
AMG_2023-10-04_1_Channel.C_008_Unit 1,09X,Stranger Things,150,350,7.0
AMG_2023-10-04_1_Channel.C_008_Unit 1,0EX,Stranger Things,150,350,7.5
AMG_2023-10-04_1_Channel.C_008_Unit 1,0FL,Stranger Things,150,350,8.5
AMG_2023-10-04_1_Channel.C_008_Unit 1,101G,Best Frans,150,350,10.5
AMG_2023-10-04_1_Channel.C_008_Unit 1,110E,Zombies,150,350,8.5
AMG_2023-10-04_1_Channel.C_008_Unit 1,114J,Instigators,150,350,9.5
AMG_2023-10-04_1_Channel.C_008_Unit 1,143H,Zombies,150,350,7.0
AMG_2023-10-04_1_Channel.C_008_Unit 1,144H,Instigators,150,350,10.0
AMG_2023-10-04_1_Channel.C_008_Unit 1,14F,Best Frans,150,350,11.5
AMG_2023-10-04_1_Channel.C_008_Unit 1,151J,Zombies,150,350,15.0
AMG_2023-10-04_1_Channel.C_008_Unit 1,167I,Instigators,150,350,13.5
AMG_2023-10-04_1_Channel.C_008_Unit 1,19J,Best Frans,150,350,9.5
AMG_2023-10-04_1_Channel.C_008_Unit 1,26J,Stranger Things,150,350,8.5
AMG_2023-10-04_1_Channel.C_008_Unit 1,35Y,Instigators,150,350,9.5
AMG_2023-10-04_1_Channel.C_008_Unit 1,36J,Stranger Things,150,350,10.0
AMG_2023-10-04_1_Channel.C_008_Unit 1,37I,Stranger Things,150,350,8.0
AMG_2023-10-04_1_Channel.C_008_Unit 1,40J,Stranger Things,150,350,8.5
AMG_2023-10-04_1_Channel.C_008_Unit 1,42Z,Instigators,150,350,13.5
AMG_2023-10-04_1_Channel.C_008_Unit 1,48Z,Instigators,150,350,10.0
AMG_2023-10-04_1_Channel.C_008_Unit 1,49Y,Instigators,150,350,5.5
AMG_2023-10-04_1_Channel.C_008_Unit 1,58I,Stranger Things,150,350,9.0
AMG_2023-10-04_1_Channel.C_008_Unit 1,59E,Instigators,150,350,8.0
AMG_2023-10-04_1_Channel.C_008_Unit 1,67G,Zombies,150,350,5.5
AMG_2023-10-04_1_Channel.C_008_Unit 1,68E,Instigators,150,350,13.5
AMG_2023-10-04_1_Channel.C_008_Unit 1,68F,Best Frans,150,350,10.5
AMG_2023-10-04_1_Channel.C_008_Unit 1,68Y,Stranger Things,150,350,5.0
AMG_2023-10-04_1_Channel.C_008_Unit 1,69X,Zombies,150,350,5.5
AMG_2023-10-04_1_Channel.C_008_Unit 1,70G,Instigators,150,350,12.0
AMG_2023-10-04_1_Channel.C_008_Unit 1,7124,Zombies,150,350,7.5
AMG_2023-10-04_1_Channel.C_008_Unit 1,72X,Zombies,150,350,6.0
AMG_2023-10-04_1_Channel.C_008_Unit 1,79G,Instigators,150,350,7.5
AMG_2023-10-04_1_Channel.C_008_Unit 1,86I,Instigators,150,350,8.5
AMG_2023-10-04_1_Channel.C_008_Unit 1,87J,Zombies,150,350,8.0
AMG_2023-10-04_1_Channel.C_008_Unit 1,94B,Zombies,150,350,5.5
AMG_2023-10-04_1_Channel.C_008_Unit 1,DF2I,Stranger Things,150,350,5.0
AMG_2023-10-04_1_Channel.C_008_Unit 1,G701,Best Frans,150,350,6.0
AMG_2023-10-04_1_Channel.C_008_Unit 1,G942,Instigators,150,350,9.0
AMG_2023-10-04_1_Channel.C_017_Unit 2,09X,Stranger Things,100,250,3.3333333333333335
AMG_2023-10-04_1_Channel.C_017_Unit 2,0EX,Stranger Things,100,250,12.000000000000002
AMG_2023-10-04_1_Channel.C_017_Unit 2,0FL,Stranger Things,100,250,10.666666666666668
AMG_2023-10-04_1_Channel.C_017_Unit 2,101G,Best Frans,100,250,3.3333333333333335
AMG_2023-10-04_1_Channel.C_017_Unit 2,110E,Zombies,100,250,13.333333333333334
AMG_2023-10-04_1_Channel.C_017_Unit 2,114J,Instigators,100,250,9.333333333333334
AMG_2023-10-04_1_Channel.C_017_Unit 2,143H,Zombies,100,250,16.0
AMG_2023-10-04_1_Channel.C_017_Unit 2,144H,Instigators,100,250,10.666666666666668
AMG_2023-10-04_1_Channel.C_017_Unit 2,14F,Best Frans,100,250,4.0
AMG_2023-10-04_1_Channel.C_017_Unit 2,151J,Zombies,100,250,12.0
AMG_2023-10-04_1_Channel.C_017_Unit 2,167I,Instigators,100,250,23.333333333333336
AMG_2023-10-04_1_Channel.C_017_Unit 2,19J,Best Frans,100,250,7.333333333333333
AMG_2023-10-04_1_Channel.C_017_Unit 2,26J,Stranger Things,100,250,15.333333333333334
AMG_2023-10-04_1_Channel.C_017_Unit 2,35Y,Instigators,100,250,8.666666666666668
AMG_2023-10-04_1_Channel.C_017_Unit 2,36J,Stranger Things,100,250,16.666666666666668
AMG_2023-10-04_1_Channel.C_017_Unit 2,37I,Stranger Things,100,250,10.666666666666668
AMG_2023-10-04_1_Channel.C_017_Unit 2,40J,Stranger Things,100,250,10.0
AMG_2023-10-04_1_Channel.C_017_Unit 2,42Z,Instigators,100,250,18.0
AMG_2023-10-04_1_Channel.C_017_Unit 2,48Z,Instigators,100,250,10.0
AMG_2023-10-04_1_Channel.C_017_Unit 2,49Y,Instigators,100,250,17.333333333333336
AMG_2023-10-04_1_Channel.C_017_Unit 2,58I,Stranger Things,100,250,12.000000000000002
AMG_2023-10-04_1_Channel.C_017_Unit 2,59E,Instigators,100,250,18.666666666666668
AMG_2023-10-04_1_Channel.C_017_Unit 2,67G,Zombies,100,250,5.333333333333334
AMG_2023-10-04_1_Channel.C_017_Unit 2,68E,Instigators,100,250,0.6666666666666667
AMG_2023-10-04_1_Channel.C_017_Unit 2,68F,Best Frans,100,250,6.000000000000001
AMG_2023-10-04_1_Channel.C_017_Unit 2,68Y,Stranger Things,100,250,6.666666666666667
AMG_2023-10-04_1_Channel.C_017_Unit 2,69X,Zombies,100,250,4.0
AMG_2023-10-04_1_Channel.C_017_Unit 2,70G,Instigators,100,250,12.0
AMG_2023-10-04_1_Channel.C_017_Unit 2,7124,Zombies,100,250,28.0
AMG_2023-10-04_1_Channel.C_017_Unit 2,72X,Zombies,100,250,10.666666666666668
AMG_2023-10-04_1_Channel.C_017_Unit 2,79G,Instigators,100,250,12.0
AMG_2023-10-04_1_Channel.C_017_Unit 2,86I,Instigators,100,250,20.0
AMG_2023-10-04_1_Channel.C_017_Unit 2,87J,Zombies,100,250,3.3333333333333335
AMG_2023-10-04_1_Channel.C_017_Unit 2,94B,Zombies,100,250,9.333333333333334
AMG_2023-10-04_1_Channel.C_017_Unit 2,DF2I,Stranger Things,100,250,8.0
AMG_2023-10-04_1_Channel.C_017_Unit 2,G701,Best Frans,100,250,10.666666666666668
AMG_2023-10-04_1_Channel.C_017_Unit 2,G942,Instigators,100,250,16.0
AMG_2023-10-04_2_Channel.C_002_Unit 1,09X,Stranger Things,150,550,23.0
AMG_2023-10-04_2_Channel.C_002_Unit 1,0EX,Stranger Things,150,550,22.25
AMG_2023-10-04_2_Channel.C_002_Unit 1,0FL,Stranger Things,150,550,31.0
AMG_2023-10-04_2_Channel.C_002_Unit 1,101G,Best Frans,150,550,29.5
AMG_2023-10-04_2_Channel.C_002_Unit 1,110E,Zombies,150,550,26.5
AMG_2023-10-04_2_Channel.C_002_Unit 1,114J,Instigators,150,550,25.75
AMG_2023-10-04_2_Channel.C_002_Unit 1,143H,Zombies,150,550,23.5
AMG_2023-10-04_2_Channel.C_002_Unit 1,144H,Instigators,150,550,25.75
AMG_2023-10-04_2_Channel.C_002_Unit 1,14F,Best Frans,150,550,21.75
AMG_2023-10-04_2_Channel.C_002_Unit 1,151J,Zombies,150,550,20.5
AMG_2023-10-04_2_Channel.C_002_Unit 1,167I,Instigators,150,550,24.0
AMG_2023-10-04_2_Channel.C_002_Unit 1,19J,Best Frans,150,550,27.25
AMG_2023-10-04_2_Channel.C_002_Unit 1,26J,Stranger Things,150,550,24.75
AMG_2023-10-04_2_Channel.C_002_Unit 1,35Y,Instigators,150,550,26.5
AMG_2023-10-04_2_Channel.C_002_Unit 1,36J,Stranger Things,150,550,26.0
AMG_2023-10-04_2_Channel.C_002_Unit 1,37I,Stranger Things,150,550,27.75
AMG_2023-10-04_2_Channel.C_002_Unit 1,40J,Stranger Things,150,550,28.0
AMG_2023-10-04_2_Channel.C_002_Unit 1,42Z,Instigators,150,550,23.75
AMG_2023-10-04_2_Channel.C_002_Unit 1,48Z,Instigators,150,550,24.5
AMG_2023-10-04_2_Channel.C_002_Unit 1,49Y,Instigators,150,550,24.75
AMG_2023-10-04_2_Channel.C_002_Unit 1,58I,Stranger Things,150,550,23.0
AMG_2023-10-04_2_Channel.C_002_Unit 1,59E,Instigators,150,550,25.75
AMG_2023-10-04_2_Channel.C_002_Unit 1,67G,Zombies,150,550,28.25
AMG_2023-10-04_2_Channel.C_002_Unit 1,68E,Instigators,150,550,26.0
AMG_2023-10-04_2_Channel.C_002_Unit 1,68F,Best Frans,150,550,23.5
AMG_2023-10-04_2_Channel.C_002_Unit 1,68Y,Stranger Things,150,550,20.75
AMG_2023-10-04_2_Channel.C_002_Unit 1,69X,Zombies,150,550,19.0
AMG_2023-10-04_2_Channel.C_002_Unit 1,70G,Instigators,150,550,20.5
AMG_2023-10-04_2_Channel.C_002_Unit 1,7124,Zombies,150,550,19.5
AMG_2023-10-04_2_Channel.C_002_Unit 1,72X,Zombies,150,550,24.75
AMG_2023-10-04_2_Channel.C_002_Unit 1,79G,Instigators,150,550,27.5
AMG_2023-10-04_2_Channel.C_002_Unit 1,86I,Instigators,150,550,27.0
AMG_2023-10-04_2_Channel.C_002_Unit 1,87J,Zombies,150,550,23.0
AMG_2023-10-04_2_Channel.C_002_Unit 1,94B,Zombies,150,550,29.25
AMG_2023-10-04_2_Channel.C_002_Unit 1,DF2I,Stranger Things,150,550,24.5
AMG_2023-10-04_2_Channel.C_002_Unit 1,G701,Best Frans,150,550,25.5
AMG_2023-10-04_2_Channel.C_002_Unit 1,G942,Instigators,150,550,25.75
AMG_2023-10-04_2_Channel.C_015_Unit 1,09X,Stranger Things,150,450,13.666666666666668
AMG_2023-10-04_2_Channel.C_015_Unit 1,0EX,Stranger Things,150,450,12.666666666666668
AMG_2023-10-04_2_Channel.C_015_Unit 1,0FL,Stranger Things,150,450,14.666666666666668
AMG_2023-10-04_2_Channel.C_015_Unit 1,101G,Best Frans,150,450,20.0
AMG_2023-10-04_2_Channel.C_015_Unit 1,110E,Zombies,150,450,16.0
AMG_2023-10-04_2_Channel.C_015_Unit 1,114J,Instigators,150,450,19.333333333333336
AMG_2023-10-04_2_Channel.C_015_Unit 1,143H,Zombies,150,450,13.666666666666666
AMG_2023-10-04_2_Channel.C_015_Unit 1,144H,Instigators,150,450,19.333333333333336
AMG_2023-10-04_2_Channel.C_015_Unit 1,14F,Best Frans,150,450,19.333333333333336
AMG_2023-10-04_2_Channel.C_015_Unit 1,151J,Zombies,150,450,20.666666666666668
AMG_2023-10-04_2_Channel.C_015_Unit 1,167I,Instigators,150,450,17.333333333333336
AMG_2023-10-04_2_Channel.C_015_Unit 1,19J,Best Frans,150,450,18.666666666666668
AMG_2023-10-04_2_Channel.C_015_Unit 1,26J,Stranger Things,150,450,16.666666666666668
AMG_2023-10-04_2_Channel.C_015_Unit 1,35Y,Instigators,150,450,16.0
AMG_2023-10-04_2_Channel.C_015_Unit 1,36J,Stranger Things,150,450,17.333333333333336
AMG_2023-10-04_2_Channel.C_015_Unit 1,37I,Stranger Things,150,450,10.666666666666668
AMG_2023-10-04_2_Channel.C_015_Unit 1,40J,Stranger Things,150,450,20.333333333333336
AMG_2023-10-04_2_Channel.C_015_Unit 1,42Z,Instigators,150,450,17.666666666666668
AMG_2023-10-04_2_Channel.C_015_Unit 1,48Z,Instigators,150,450,14.666666666666668
AMG_2023-10-04_2_Channel.C_015_Unit 1,49Y,Instigators,150,450,16.0
AMG_2023-10-04_2_Channel.C_015_Unit 1,58I,Stranger Things,150,450,18.666666666666668
AMG_2023-10-04_2_Channel.C_015_Unit 1,59E,Instigators,150,450,15.333333333333334
AMG_2023-10-04_2_Channel.C_015_Unit 1,67G,Zombies,150,450,21.0
AMG_2023-10-04_2_Channel.C_015_Unit 1,68E,Instigators,150,450,17.0
AMG_2023-10-04_2_Channel.C_015_Unit 1,68F,Best Frans,150,450,16.666666666666668
AMG_2023-10-04_2_Channel.C_015_Unit 1,68Y,Stranger Things,150,450,22.333333333333336
AMG_2023-10-04_2_Channel.C_015_Unit 1,69X,Zombies,150,450,13.333333333333334
AMG_2023-10-04_2_Channel.C_015_Unit 1,70G,Instigators,150,450,20.0
AMG_2023-10-04_2_Channel.C_015_Unit 1,7124,Zombies,150,450,15.333333333333334
AMG_2023-10-04_2_Channel.C_015_Unit 1,72X,Zombies,150,450,9.0
AMG_2023-10-04_2_Channel.C_015_Unit 1,79G,Instigators,150,450,18.333333333333336
AMG_2023-10-04_2_Channel.C_015_Unit 1,86I,Instigators,150,450,17.333333333333336
AMG_2023-10-04_2_Channel.C_015_Unit 1,87J,Zombies,150,450,18.0
AMG_2023-10-04_2_Channel.C_015_Unit 1,94B,Zombies,150,450,13.0
AMG_2023-10-04_2_Channel.C_015_Unit 1,DF2I,Stranger Things,150,450,17.333333333333336
AMG_2023-10-04_2_Channel.C_015_Unit 1,G701,Best Frans,150,450,16.666666666666668
AMG_2023-10-04_2_Channel.C_015_Unit 1,G942,Instigators,150,450,21.333333333333336
AMG_2023-10-04_2_Channel.C_022_Unit 1,09X,Stranger Things,150,600,3.3333333333333335
AMG_2023-10-04_2_Channel.C_022_Unit 1,0EX,Stranger Things,150,600,3.7777777777777777
AMG_2023-10-04_2_Channel.C_022_Unit 1,0FL,Stranger Things,150,600,10.444444444444445
AMG_2023-10-04_2_Channel.C_022_Unit 1,101G,Best Frans,150,600,8.666666666666668
AMG_2023-10-04_2_Channel.C_022_Unit 1,110E,Zombies,150,600,5.333333333333334
AMG_2023-10-04_2_Channel.C_022_Unit 1,114J,Instigators,150,600,6.222222222222222
AMG_2023-10-04_2_Channel.C_022_Unit 1,143H,Zombies,150,600,4.444444444444445
AMG_2023-10-04_2_Channel.C_022_Unit 1,144H,Instigators,150,600,5.555555555555555
AMG_2023-10-04_2_Channel.C_022_Unit 1,14F,Best Frans,150,600,5.333333333333334
AMG_2023-10-04_2_Channel.C_022_Unit 1,151J,Zombies,150,600,6.888888888888888
AMG_2023-10-04_2_Channel.C_022_Unit 1,167I,Instigators,150,600,8.0
AMG_2023-10-04_2_Channel.C_022_Unit 1,19J,Best Frans,150,600,9.555555555555555
AMG_2023-10-04_2_Channel.C_022_Unit 1,26J,Stranger Things,150,600,7.555555555555555
AMG_2023-10-04_2_Channel.C_022_Unit 1,35Y,Instigators,150,600,7.555555555555555
AMG_2023-10-04_2_Channel.C_022_Unit 1,36J,Stranger Things,150,600,5.111111111111112
AMG_2023-10-04_2_Channel.C_022_Unit 1,37I,Stranger Things,150,600,6.222222222222222
AMG_2023-10-04_2_Channel.C_022_Unit 1,40J,Stranger Things,150,600,9.11111111111111
AMG_2023-10-04_2_Channel.C_022_Unit 1,42Z,Instigators,150,600,4.222222222222222
AMG_2023-10-04_2_Channel.C_022_Unit 1,48Z,Instigators,150,600,5.777777777777778
AMG_2023-10-04_2_Channel.C_022_Unit 1,49Y,Instigators,150,600,4.444444444444445
AMG_2023-10-04_2_Channel.C_022_Unit 1,58I,Stranger Things,150,600,8.666666666666668
AMG_2023-10-04_2_Channel.C_022_Unit 1,59E,Instigators,150,600,7.777777777777777
AMG_2023-10-04_2_Channel.C_022_Unit 1,67G,Zombies,150,600,7.333333333333333
AMG_2023-10-04_2_Channel.C_022_Unit 1,68E,Instigators,150,600,5.555555555555555
AMG_2023-10-04_2_Channel.C_022_Unit 1,68F,Best Frans,150,600,5.777777777777778
AMG_2023-10-04_2_Channel.C_022_Unit 1,68Y,Stranger Things,150,600,5.333333333333334
AMG_2023-10-04_2_Channel.C_022_Unit 1,69X,Zombies,150,600,3.3333333333333335
AMG_2023-10-04_2_Channel.C_022_Unit 1,70G,Instigators,150,600,4.666666666666666
AMG_2023-10-04_2_Channel.C_022_Unit 1,7124,Zombies,150,600,5.555555555555555
AMG_2023-10-04_2_Channel.C_022_Unit 1,72X,Zombies,150,600,3.555555555555556
AMG_2023-10-04_2_Channel.C_022_Unit 1,79G,Instigators,150,600,12.222222222222221
AMG_2023-10-04_2_Channel.C_022_Unit 1,86I,Instigators,150,600,5.555555555555555
AMG_2023-10-04_2_Channel.C_022_Unit 1,87J,Zombies,150,600,4.888888888888888
AMG_2023-10-04_2_Channel.C_022_Unit 1,94B,Zombies,150,600,9.777777777777777
AMG_2023-10-04_2_Channel.C_022_Unit 1,DF2I,Stranger Things,150,600,10.666666666666666
AMG_2023-10-04_2_Channel.C_022_Unit 1,G701,Best Frans,150,600,7.333333333333333
AMG_2023-10-04_2_Channel.C_022_Unit 1,G942,Instigators,150,600,10.444444444444445
AMG_2023-10-04_3_Channel.C_002_Unit 1,09X,Stranger Things,1000,1100,1.0
AMG_2023-10-04_3_Channel.C_002_Unit 1,09X,Stranger Things,2100,2250,4.666666666666667
AMG_2023-10-04_3_Channel.C_002_Unit 1,0EX,Stranger Things,1000,1100,1.0
AMG_2023-10-04_3_Channel.C_002_Unit 1,0EX,Stranger Things,2100,2250,4.0
AMG_2023-10-04_3_Channel.C_002_Unit 1,0FL,Stranger Things,1000,1100,2.0
AMG_2023-10-04_3_Channel.C_002_Unit 1,0FL,Stranger Things,2100,2250,1.3333333333333335
AMG_2023-10-04_3_Channel.C_002_Unit 1,101G,Best Frans,1000,1100,9.0
AMG_2023-10-04_3_Channel.C_002_Unit 1,101G,Best Frans,2100,2250,6.000000000000001
AMG_2023-10-04_3_Channel.C_002_Unit 1,110E,Zombies,1000,1100,0.0
AMG_2023-10-04_3_Channel.C_002_Unit 1,110E,Zombies,2100,2250,2.9629629629629632
AMG_2023-10-04_3_Channel.C_002_Unit 1,114J,Instigators,1000,1100,1.0
AMG_2023-10-04_3_Channel.C_002_Unit 1,114J,Instigators,2100,2250,6.0
AMG_2023-10-04_3_Channel.C_002_Unit 1,143H,Zombies,1000,1100,9.0
AMG_2023-10-04_3_Channel.C_002_Unit 1,143H,Zombies,2100,2250,5.333333333333334
AMG_2023-10-04_3_Channel.C_002_Unit 1,144H,Instigators,1000,1100,1.0
AMG_2023-10-04_3_Channel.C_002_Unit 1,144H,Instigators,2100,2250,5.333333333333334
AMG_2023-10-04_3_Channel.C_002_Unit 1,14F,Best Frans,1000,1100,3.0
AMG_2023-10-04_3_Channel.C_002_Unit 1,14F,Best Frans,2100,2250,3.3333333333333335
AMG_2023-10-04_3_Channel.C_002_Unit 1,151J,Zombies,1000,1100,5.555555555555555
AMG_2023-10-04_3_Channel.C_002_Unit 1,151J,Zombies,2100,2250,2.2222222222222223
AMG_2023-10-04_3_Channel.C_002_Unit 1,167I,Instigators,1000,1100,7.0
AMG_2023-10-04_3_Channel.C_002_Unit 1,167I,Instigators,2100,2250,4.0
AMG_2023-10-04_3_Channel.C_002_Unit 1,19J,Best Frans,1000,1100,2.0
AMG_2023-10-04_3_Channel.C_002_Unit 1,19J,Best Frans,2100,2250,3.3333333333333335
AMG_2023-10-04_3_Channel.C_002_Unit 1,26J,Stranger Things,1000,1100,2.0
AMG_2023-10-04_3_Channel.C_002_Unit 1,26J,Stranger Things,2100,2250,3.3333333333333335
AMG_2023-10-04_3_Channel.C_002_Unit 1,35Y,Instigators,1000,1100,1.0
AMG_2023-10-04_3_Channel.C_002_Unit 1,35Y,Instigators,2100,2250,1.3333333333333335
AMG_2023-10-04_3_Channel.C_002_Unit 1,36J,Stranger Things,1000,1100,4.0
AMG_2023-10-04_3_Channel.C_002_Unit 1,36J,Stranger Things,2100,2250,6.0
AMG_2023-10-04_3_Channel.C_002_Unit 1,37I,Stranger Things,1000,1100,5.0
AMG_2023-10-04_3_Channel.C_002_Unit 1,37I,Stranger Things,2100,2250,8.666666666666668
AMG_2023-10-04_3_Channel.C_002_Unit 1,40J,Stranger Things,1000,1100,4.0
AMG_2023-10-04_3_Channel.C_002_Unit 1,40J,Stranger Things,2100,2250,8.666666666666668
AMG_2023-10-04_3_Channel.C_002_Unit 1,42Z,Instigators,1000,1100,4.0
AMG_2023-10-04_3_Channel.C_002_Unit 1,42Z,Instigators,2100,2250,2.666666666666667
AMG_2023-10-04_3_Channel.C_002_Unit 1,48Z,Instigators,1000,1100,1.0
AMG_2023-10-04_3_Channel.C_002_Unit 1,48Z,Instigators,2100,2250,7.333333333333334
AMG_2023-10-04_3_Channel.C_002_Unit 1,49Y,Instigators,1000,1100,7.777777777777778
AMG_2023-10-04_3_Channel.C_002_Unit 1,49Y,Instigators,2100,2250,3.703703703703704
AMG_2023-10-04_3_Channel.C_002_Unit 1,58I,Stranger Things,1000,1100,1.1111111111111112
AMG_2023-10-04_3_Channel.C_002_Unit 1,58I,Stranger Things,2100,2250,6.666666666666668
AMG_2023-10-04_3_Channel.C_002_Unit 1,59E,Instigators,1000,1100,5.0
AMG_2023-10-04_3_Channel.C_002_Unit 1,59E,Instigators,2100,2250,2.0
AMG_2023-10-04_3_Channel.C_002_Unit 1,67G,Zombies,1000,1100,0.0
AMG_2023-10-04_3_Channel.C_002_Unit 1,67G,Zombies,2100,2250,4.666666666666667
AMG_2023-10-04_3_Channel.C_002_Unit 1,68E,Instigators,1000,1100,3.0
AMG_2023-10-04_3_Channel.C_002_Unit 1,68E,Instigators,2100,2250,3.3333333333333335
AMG_2023-10-04_3_Channel.C_002_Unit 1,68F,Best Frans,1000,1100,2.0
AMG_2023-10-04_3_Channel.C_002_Unit 1,68F,Best Frans,2100,2250,2.666666666666667
AMG_2023-10-04_3_Channel.C_002_Unit 1,68Y,Stranger Things,1000,1100,4.0
AMG_2023-10-04_3_Channel.C_002_Unit 1,68Y,Stranger Things,2100,2250,4.666666666666667
AMG_2023-10-04_3_Channel.C_002_Unit 1,69X,Zombies,1000,1100,1.1111111111111112
AMG_2023-10-04_3_Channel.C_002_Unit 1,69X,Zombies,2100,2250,3.703703703703704
AMG_2023-10-04_3_Channel.C_002_Unit 1,70G,Instigators,1000,1100,3.0
AMG_2023-10-04_3_Channel.C_002_Unit 1,70G,Instigators,2100,2250,2.0
AMG_2023-10-04_3_Channel.C_002_Unit 1,7124,Zombies,1000,1100,2.0
AMG_2023-10-04_3_Channel.C_002_Unit 1,7124,Zombies,2100,2250,0.0
AMG_2023-10-04_3_Channel.C_002_Unit 1,72X,Zombies,1000,1100,5.0
AMG_2023-10-04_3_Channel.C_002_Unit 1,72X,Zombies,2100,2250,2.666666666666667
AMG_2023-10-04_3_Channel.C_002_Unit 1,79G,Instigators,1000,1100,1.0
AMG_2023-10-04_3_Channel.C_002_Unit 1,79G,Instigators,2100,2250,4.0
AMG_2023-10-04_3_Channel.C_002_Unit 1,86I,Instigators,1000,1100,0.0
AMG_2023-10-04_3_Channel.C_002_Unit 1,86I,Instigators,2100,2250,4.666666666666667
AMG_2023-10-04_3_Channel.C_002_Unit 1,87J,Zombies,1000,1100,5.0
AMG_2023-10-04_3_Channel.C_002_Unit 1,87J,Zombies,2100,2250,1.3333333333333335
AMG_2023-10-04_3_Channel.C_002_Unit 1,94B,Zombies,1000,1100,9.0
AMG_2023-10-04_3_Channel.C_002_Unit 1,94B,Zombies,2100,2250,12.666666666666668
AMG_2023-10-04_3_Channel.C_002_Unit 1,DF2I,Stranger Things,1000,1100,0.0
AMG_2023-10-04_3_Channel.C_002_Unit 1,DF2I,Stranger Things,2100,2250,1.3333333333333335
AMG_2023-10-04_3_Channel.C_002_Unit 1,G701,Best Frans,1000,1100,0.0
AMG_2023-10-04_3_Channel.C_002_Unit 1,G701,Best Frans,2100,2250,2.666666666666667
AMG_2023-10-04_3_Channel.C_002_Unit 1,G942,Instigators,1000,1100,0.0
AMG_2023-10-04_3_Channel.C_002_Unit 1,G942,Instigators,2100,2250,2.0
AMG_2023-10-04_4_Channel.C_000_Unit 1,09X,Stranger Things,150,250,11.0
AMG_2023-10-04_4_Channel.C_000_Unit 1,0EX,Stranger Things,150,250,15.0
AMG_2023-10-04_4_Channel.C_000_Unit 1,0FL,Stranger Things,150,250,9.0
AMG_2023-10-04_4_Channel.C_000_Unit 1,101G,Best Frans,150,250,17.0
AMG_2023-10-04_4_Channel.C_000_Unit 1,110E,Zombies,150,250,16.0
AMG_2023-10-04_4_Channel.C_000_Unit 1,114J,Instigators,150,250,15.0
AMG_2023-10-04_4_Channel.C_000_Unit 1,143H,Zombies,150,250,8.0
AMG_2023-10-04_4_Channel.C_000_Unit 1,144H,Instigators,150,250,19.0
AMG_2023-10-04_4_Channel.C_000_Unit 1,14F,Best Frans,150,250,12.0
AMG_2023-10-04_4_Channel.C_000_Unit 1,151J,Zombies,150,250,9.0
AMG_2023-10-04_4_Channel.C_000_Unit 1,167I,Instigators,150,250,11.0
AMG_2023-10-04_4_Channel.C_000_Unit 1,19J,Best Frans,150,250,12.0
AMG_2023-10-04_4_Channel.C_000_Unit 1,26J,Stranger Things,150,250,10.0
AMG_2023-10-04_4_Channel.C_000_Unit 1,35Y,Instigators,150,250,17.0
AMG_2023-10-04_4_Channel.C_000_Unit 1,36J,Stranger Things,150,250,13.0
AMG_2023-10-04_4_Channel.C_000_Unit 1,37I,Stranger Things,150,250,11.0
AMG_2023-10-04_4_Channel.C_000_Unit 1,40J,Stranger Things,150,250,15.0
AMG_2023-10-04_4_Channel.C_000_Unit 1,42Z,Instigators,150,250,17.0
AMG_2023-10-04_4_Channel.C_000_Unit 1,48Z,Instigators,150,250,9.0
AMG_2023-10-04_4_Channel.C_000_Unit 1,49Y,Instigators,150,250,14.0
AMG_2023-10-04_4_Channel.C_000_Unit 1,58I,Stranger Things,150,250,12.0
AMG_2023-10-04_4_Channel.C_000_Unit 1,59E,Instigators,150,250,12.0
AMG_2023-10-04_4_Channel.C_000_Unit 1,67G,Zombies,150,250,10.0
AMG_2023-10-04_4_Channel.C_000_Unit 1,68E,Instigators,150,250,10.0
AMG_2023-10-04_4_Channel.C_000_Unit 1,68F,Best Frans,150,250,10.0
AMG_2023-10-04_4_Channel.C_000_Unit 1,68Y,Stranger Things,150,250,13.0
AMG_2023-10-04_4_Channel.C_000_Unit 1,69X,Zombies,150,250,12.0
AMG_2023-10-04_4_Channel.C_000_Unit 1,70G,Instigators,150,250,4.0
AMG_2023-10-04_4_Channel.C_000_Unit 1,7124,Zombies,150,250,27.0
AMG_2023-10-04_4_Channel.C_000_Unit 1,72X,Zombies,150,250,10.0
AMG_2023-10-04_4_Channel.C_000_Unit 1,79G,Instigators,150,250,16.0
AMG_2023-10-04_4_Channel.C_000_Unit 1,86I,Instigators,150,250,15.0
AMG_2023-10-04_4_Channel.C_000_Unit 1,87J,Zombies,150,250,13.0
AMG_2023-10-04_4_Channel.C_000_Unit 1,94B,Zombies,150,250,13.0
AMG_2023-10-04_4_Channel.C_000_Unit 1,DF2I,Stranger Things,150,250,15.0
AMG_2023-10-04_4_Channel.C_000_Unit 1,G701,Best Frans,150,250,12.0
AMG_2023-10-04_4_Channel.C_000_Unit 1,G942,Instigators,150,250,12.0
AMG_2023-10-04_4_Channel.C_005_Unit 2,09X,Stranger Things,100,400,11.666666666666668
AMG_2023-10-04_4_Channel.C_005_Unit 2,0EX,Stranger Things,100,400,10.333333333333334
AMG_2023-10-04_4_Channel.C_005_Unit 2,0FL,Stranger Things,100,400,9.333333333333334
AMG_2023-10-04_4_Channel.C_005_Unit 2,101G,Best Frans,100,400,10.666666666666668
AMG_2023-10-04_4_Channel.C_005_Unit 2,110E,Zombies,100,400,15.333333333333334
AMG_2023-10-04_4_Channel.C_005_Unit 2,114J,Instigators,100,400,13.666666666666668
AMG_2023-10-04_4_Channel.C_005_Unit 2,143H,Zombies,100,400,11.0
AMG_2023-10-04_4_Channel.C_005_Unit 2,144H,Instigators,100,400,10.333333333333334
AMG_2023-10-04_4_Channel.C_005_Unit 2,14F,Best Frans,100,400,12.333333333333334
AMG_2023-10-04_4_Channel.C_005_Unit 2,151J,Zombies,100,400,9.0
AMG_2023-10-04_4_Channel.C_005_Unit 2,167I,Instigators,100,400,12.0
AMG_2023-10-04_4_Channel.C_005_Unit 2,19J,Best Frans,100,400,10.666666666666668
AMG_2023-10-04_4_Channel.C_005_Unit 2,26J,Stranger Things,100,400,13.333333333333334
AMG_2023-10-04_4_Channel.C_005_Unit 2,35Y,Instigators,100,400,11.666666666666668
AMG_2023-10-04_4_Channel.C_005_Unit 2,36J,Stranger Things,100,400,13.333333333333334
AMG_2023-10-04_4_Channel.C_005_Unit 2,37I,Stranger Things,100,400,11.333333333333334
AMG_2023-10-04_4_Channel.C_005_Unit 2,40J,Stranger Things,100,400,10.333333333333334
AMG_2023-10-04_4_Channel.C_005_Unit 2,42Z,Instigators,100,400,10.666666666666668
AMG_2023-10-04_4_Channel.C_005_Unit 2,48Z,Instigators,100,400,9.0
AMG_2023-10-04_4_Channel.C_005_Unit 2,49Y,Instigators,100,400,14.333333333333334
AMG_2023-10-04_4_Channel.C_005_Unit 2,58I,Stranger Things,100,400,9.666666666666668
AMG_2023-10-04_4_Channel.C_005_Unit 2,59E,Instigators,100,400,6.666666666666667
AMG_2023-10-04_4_Channel.C_005_Unit 2,67G,Zombies,100,400,12.0
AMG_2023-10-04_4_Channel.C_005_Unit 2,68E,Instigators,100,400,11.0
AMG_2023-10-04_4_Channel.C_005_Unit 2,68F,Best Frans,100,400,8.0
AMG_2023-10-04_4_Channel.C_005_Unit 2,68Y,Stranger Things,100,400,9.0
AMG_2023-10-04_4_Channel.C_005_Unit 2,69X,Zombies,100,400,6.0
AMG_2023-10-04_4_Channel.C_005_Unit 2,70G,Instigators,100,400,11.333333333333334
AMG_2023-10-04_4_Channel.C_005_Unit 2,7124,Zombies,100,400,8.333333333333334
AMG_2023-10-04_4_Channel.C_005_Unit 2,72X,Zombies,100,400,13.333333333333334
AMG_2023-10-04_4_Channel.C_005_Unit 2,79G,Instigators,100,400,9.666666666666668
AMG_2023-10-04_4_Channel.C_005_Unit 2,86I,Instigators,100,400,10.333333333333334
AMG_2023-10-04_4_Channel.C_005_Unit 2,87J,Zombies,100,400,12.333333333333334
AMG_2023-10-04_4_Channel.C_005_Unit 2,94B,Zombies,100,400,13.333333333333334
AMG_2023-10-04_4_Channel.C_005_Unit 2,DF2I,Stranger Things,100,400,8.0
AMG_2023-10-04_4_Channel.C_005_Unit 2,G701,Best Frans,100,400,11.0
AMG_2023-10-04_4_Channel.C_005_Unit 2,G942,Instigators,100,400,11.333333333333334
AMG_2023-10-05_2_Channel.C_012_Unit 1,09X,Stranger Things,650,850,3.5
AMG_2023-10-05_2_Channel.C_012_Unit 1,0EX,Stranger Things,650,850,1.5
AMG_2023-10-05_2_Channel.C_012_Unit 1,0FL,Stranger Things,650,850,2.5
AMG_2023-10-05_2_Channel.C_012_Unit 1,101G,Best Frans,650,850,1.5
AMG_2023-10-05_2_Channel.C_012_Unit 1,110E,Zombies,650,850,0.5
AMG_2023-10-05_2_Channel.C_012_Unit 1,114J,Instigators,650,850,3.0
AMG_2023-10-05_2_Channel.C_012_Unit 1,143H,Zombies,650,850,6.0
AMG_2023-10-05_2_Channel.C_012_Unit 1,144H,Instigators,650,850,0.0
AMG_2023-10-05_2_Channel.C_012_Unit 1,14F,Best Frans,650,850,1.5
AMG_2023-10-05_2_Channel.C_012_Unit 1,151J,Zombies,650,850,1.5
AMG_2023-10-05_2_Channel.C_012_Unit 1,167I,Instigators,650,850,2.5
AMG_2023-10-05_2_Channel.C_012_Unit 1,19J,Best Frans,650,850,4.0
AMG_2023-10-05_2_Channel.C_012_Unit 1,26J,Stranger Things,650,850,1.5
AMG_2023-10-05_2_Channel.C_012_Unit 1,35Y,Instigators,650,850,1.0
AMG_2023-10-05_2_Channel.C_012_Unit 1,36J,Stranger Things,650,850,3.0
AMG_2023-10-05_2_Channel.C_012_Unit 1,37I,Stranger Things,650,850,2.5
AMG_2023-10-05_2_Channel.C_012_Unit 1,40J,Stranger Things,650,850,0.0
AMG_2023-10-05_2_Channel.C_012_Unit 1,42Z,Instigators,650,850,2.5
AMG_2023-10-05_2_Channel.C_012_Unit 1,48Z,Instigators,650,850,0.0
AMG_2023-10-05_2_Channel.C_012_Unit 1,49Y,Instigators,650,850,1.5
AMG_2023-10-05_2_Channel.C_012_Unit 1,58I,Stranger Things,650,850,2.5
AMG_2023-10-05_2_Channel.C_012_Unit 1,59E,Instigators,650,850,1.0
AMG_2023-10-05_2_Channel.C_012_Unit 1,67G,Zombies,650,850,0.0
AMG_2023-10-05_2_Channel.C_012_Unit 1,68E,Instigators,650,850,1.0
AMG_2023-10-05_2_Channel.C_012_Unit 1,68F,Best Frans,650,850,0.0
AMG_2023-10-05_2_Channel.C_012_Unit 1,68Y,Stranger Things,650,850,1.0
AMG_2023-10-05_2_Channel.C_012_Unit 1,69X,Zombies,650,850,3.5
AMG_2023-10-05_2_Channel.C_012_Unit 1,70G,Instigators,650,850,0.5
AMG_2023-10-05_2_Channel.C_012_Unit 1,7124,Zombies,650,850,2.0
AMG_2023-10-05_2_Channel.C_012_Unit 1,72X,Zombies,650,850,4.5
AMG_2023-10-05_2_Channel.C_012_Unit 1,79G,Instigators,650,850,0.0
AMG_2023-10-05_2_Channel.C_012_Unit 1,86I,Instigators,650,850,1.5
AMG_2023-10-05_2_Channel.C_012_Unit 1,87J,Zombies,650,850,3.0
AMG_2023-10-05_2_Channel.C_012_Unit 1,94B,Zombies,650,850,0.5
AMG_2023-10-05_2_Channel.C_012_Unit 1,DF2I,Stranger Things,650,850,2.2222222222222223
AMG_2023-10-05_2_Channel.C_012_Unit 1,G701,Best Frans,650,850,3.0
AMG_2023-10-05_2_Channel.C_012_Unit 1,G942,Instigators,650,850,1.0
AMG_2023-10-10_2_Channel.C_001_Unit 1,09X,Stranger Things,250,450,11.0
AMG_2023-10-10_2_Channel.C_001_Unit 1,0EX,Stranger Things,250,450,13.0
AMG_2023-10-10_2_Channel.C_001_Unit 1,0FL,Stranger Things,250,450,7.5
AMG_2023-10-10_2_Channel.C_001_Unit 1,101G,Best Frans,250,450,7.5
AMG_2023-10-10_2_Channel.C_001_Unit 1,110E,Zombies,250,450,4.5
AMG_2023-10-10_2_Channel.C_001_Unit 1,114J,Instigators,250,450,7.5
AMG_2023-10-10_2_Channel.C_001_Unit 1,143H,Zombies,250,450,6.0
AMG_2023-10-10_2_Channel.C_001_Unit 1,144H,Instigators,250,450,10.0
AMG_2023-10-10_2_Channel.C_001_Unit 1,14F,Best Frans,250,450,6.0
AMG_2023-10-10_2_Channel.C_001_Unit 1,151J,Zombies,250,450,5.5
AMG_2023-10-10_2_Channel.C_001_Unit 1,167I,Instigators,250,450,5.0
AMG_2023-10-10_2_Channel.C_001_Unit 1,19J,Best Frans,250,450,6.5
AMG_2023-10-10_2_Channel.C_001_Unit 1,26J,Stranger Things,250,450,9.0
AMG_2023-10-10_2_Channel.C_001_Unit 1,35Y,Instigators,250,450,10.0
AMG_2023-10-10_2_Channel.C_001_Unit 1,36J,Stranger Things,250,450,7.0
AMG_2023-10-10_2_Channel.C_001_Unit 1,37I,Stranger Things,250,450,10.5
AMG_2023-10-10_2_Channel.C_001_Unit 1,40J,Stranger Things,250,450,7.0
AMG_2023-10-10_2_Channel.C_001_Unit 1,42Z,Instigators,250,450,9.5
AMG_2023-10-10_2_Channel.C_001_Unit 1,48Z,Instigators,250,450,10.5
AMG_2023-10-10_2_Channel.C_001_Unit 1,49Y,Instigators,250,450,11.5
AMG_2023-10-10_2_Channel.C_001_Unit 1,58I,Stranger Things,250,450,9.5
AMG_2023-10-10_2_Channel.C_001_Unit 1,59E,Instigators,250,450,8.5
AMG_2023-10-10_2_Channel.C_001_Unit 1,67G,Zombies,250,450,9.5
AMG_2023-10-10_2_Channel.C_001_Unit 1,68E,Instigators,250,450,17.0
AMG_2023-10-10_2_Channel.C_001_Unit 1,68F,Best Frans,250,450,10.0
AMG_2023-10-10_2_Channel.C_001_Unit 1,68Y,Stranger Things,250,450,8.0
AMG_2023-10-10_2_Channel.C_001_Unit 1,69X,Zombies,250,450,3.5
AMG_2023-10-10_2_Channel.C_001_Unit 1,70G,Instigators,250,450,3.0
AMG_2023-10-10_2_Channel.C_001_Unit 1,7124,Zombies,250,450,18.5
AMG_2023-10-10_2_Channel.C_001_Unit 1,72X,Zombies,250,450,4.0
AMG_2023-10-10_2_Channel.C_001_Unit 1,79G,Instigators,250,450,6.5
AMG_2023-10-10_2_Channel.C_001_Unit 1,86I,Instigators,250,450,6.0
AMG_2023-10-10_2_Channel.C_001_Unit 1,87J,Zombies,250,450,3.5
AMG_2023-10-10_2_Channel.C_001_Unit 1,94B,Zombies,250,450,8.0
AMG_2023-10-10_2_Channel.C_001_Unit 1,DF2I,Stranger Things,250,450,12.5
AMG_2023-10-10_2_Channel.C_001_Unit 1,G701,Best Frans,250,450,7.0
AMG_2023-10-10_2_Channel.C_001_Unit 1,G942,Instigators,250,450,14.0
AMG_2023-10-10_2_Channel.C_005_Unit 1,09X,Stranger Things,300,550,6.4
AMG_2023-10-10_2_Channel.C_005_Unit 1,09X,Stranger Things,1550,1650,7.0
AMG_2023-10-10_2_Channel.C_005_Unit 1,0EX,Stranger Things,300,550,3.2
AMG_2023-10-10_2_Channel.C_005_Unit 1,0EX,Stranger Things,1550,1650,2.0
AMG_2023-10-10_2_Channel.C_005_Unit 1,0FL,Stranger Things,300,550,3.2
AMG_2023-10-10_2_Channel.C_005_Unit 1,0FL,Stranger Things,1550,1650,5.0
AMG_2023-10-10_2_Channel.C_005_Unit 1,101G,Best Frans,300,550,4.0
AMG_2023-10-10_2_Channel.C_005_Unit 1,101G,Best Frans,1550,1650,1.0
AMG_2023-10-10_2_Channel.C_005_Unit 1,110E,Zombies,300,550,4.4
AMG_2023-10-10_2_Channel.C_005_Unit 1,110E,Zombies,1550,1650,6.0
AMG_2023-10-10_2_Channel.C_005_Unit 1,114J,Instigators,300,550,8.4
AMG_2023-10-10_2_Channel.C_005_Unit 1,114J,Instigators,1550,1650,3.0
AMG_2023-10-10_2_Channel.C_005_Unit 1,143H,Zombies,300,550,3.2
AMG_2023-10-10_2_Channel.C_005_Unit 1,143H,Zombies,1550,1650,2.0
AMG_2023-10-10_2_Channel.C_005_Unit 1,144H,Instigators,300,550,2.8
AMG_2023-10-10_2_Channel.C_005_Unit 1,144H,Instigators,1550,1650,1.0
AMG_2023-10-10_2_Channel.C_005_Unit 1,14F,Best Frans,300,550,2.0
AMG_2023-10-10_2_Channel.C_005_Unit 1,14F,Best Frans,1550,1650,3.0
AMG_2023-10-10_2_Channel.C_005_Unit 1,151J,Zombies,300,550,4.0
AMG_2023-10-10_2_Channel.C_005_Unit 1,151J,Zombies,1550,1650,0.0
AMG_2023-10-10_2_Channel.C_005_Unit 1,167I,Instigators,300,550,3.2
AMG_2023-10-10_2_Channel.C_005_Unit 1,167I,Instigators,1550,1650,0.0
AMG_2023-10-10_2_Channel.C_005_Unit 1,19J,Best Frans,300,550,4.0
AMG_2023-10-10_2_Channel.C_005_Unit 1,19J,Best Frans,1550,1650,2.0
AMG_2023-10-10_2_Channel.C_005_Unit 1,26J,Stranger Things,300,550,6.4
AMG_2023-10-10_2_Channel.C_005_Unit 1,26J,Stranger Things,1550,1650,1.0
AMG_2023-10-10_2_Channel.C_005_Unit 1,35Y,Instigators,300,550,5.2
AMG_2023-10-10_2_Channel.C_005_Unit 1,35Y,Instigators,1550,1650,3.0
AMG_2023-10-10_2_Channel.C_005_Unit 1,36J,Stranger Things,300,550,4.8
AMG_2023-10-10_2_Channel.C_005_Unit 1,36J,Stranger Things,1550,1650,6.0
AMG_2023-10-10_2_Channel.C_005_Unit 1,37I,Stranger Things,300,550,4.8
AMG_2023-10-10_2_Channel.C_005_Unit 1,37I,Stranger Things,1550,1650,2.0
AMG_2023-10-10_2_Channel.C_005_Unit 1,40J,Stranger Things,300,550,2.0
AMG_2023-10-10_2_Channel.C_005_Unit 1,40J,Stranger Things,1550,1650,4.0
AMG_2023-10-10_2_Channel.C_005_Unit 1,42Z,Instigators,300,550,2.0
AMG_2023-10-10_2_Channel.C_005_Unit 1,42Z,Instigators,1550,1650,4.0
AMG_2023-10-10_2_Channel.C_005_Unit 1,48Z,Instigators,300,550,6.4
AMG_2023-10-10_2_Channel.C_005_Unit 1,48Z,Instigators,1550,1650,3.0
AMG_2023-10-10_2_Channel.C_005_Unit 1,49Y,Instigators,300,550,2.8
AMG_2023-10-10_2_Channel.C_005_Unit 1,49Y,Instigators,1550,1650,1.0
AMG_2023-10-10_2_Channel.C_005_Unit 1,58I,Stranger Things,300,550,4.4
AMG_2023-10-10_2_Channel.C_005_Unit 1,58I,Stranger Things,1550,1650,4.0
AMG_2023-10-10_2_Channel.C_005_Unit 1,59E,Instigators,300,550,5.2
AMG_2023-10-10_2_Channel.C_005_Unit 1,59E,Instigators,1550,1650,3.0
AMG_2023-10-10_2_Channel.C_005_Unit 1,67G,Zombies,300,550,8.4
AMG_2023-10-10_2_Channel.C_005_Unit 1,67G,Zombies,1550,1650,5.0
AMG_2023-10-10_2_Channel.C_005_Unit 1,68E,Instigators,300,550,2.8
AMG_2023-10-10_2_Channel.C_005_Unit 1,68E,Instigators,1550,1650,4.0
AMG_2023-10-10_2_Channel.C_005_Unit 1,68F,Best Frans,300,550,5.6
AMG_2023-10-10_2_Channel.C_005_Unit 1,68F,Best Frans,1550,1650,4.0
AMG_2023-10-10_2_Channel.C_005_Unit 1,68Y,Stranger Things,300,550,3.2
AMG_2023-10-10_2_Channel.C_005_Unit 1,68Y,Stranger Things,1550,1650,2.0
AMG_2023-10-10_2_Channel.C_005_Unit 1,69X,Zombies,300,550,2.0
AMG_2023-10-10_2_Channel.C_005_Unit 1,69X,Zombies,1550,1650,3.0
AMG_2023-10-10_2_Channel.C_005_Unit 1,70G,Instigators,300,550,2.0
AMG_2023-10-10_2_Channel.C_005_Unit 1,70G,Instigators,1550,1650,5.0
AMG_2023-10-10_2_Channel.C_005_Unit 1,7124,Zombies,300,550,6.8
AMG_2023-10-10_2_Channel.C_005_Unit 1,7124,Zombies,1550,1650,0.0
AMG_2023-10-10_2_Channel.C_005_Unit 1,72X,Zombies,300,550,3.2
AMG_2023-10-10_2_Channel.C_005_Unit 1,72X,Zombies,1550,1650,3.0
AMG_2023-10-10_2_Channel.C_005_Unit 1,79G,Instigators,300,550,2.8
AMG_2023-10-10_2_Channel.C_005_Unit 1,79G,Instigators,1550,1650,2.0
AMG_2023-10-10_2_Channel.C_005_Unit 1,86I,Instigators,300,550,6.0
AMG_2023-10-10_2_Channel.C_005_Unit 1,86I,Instigators,1550,1650,3.0
AMG_2023-10-10_2_Channel.C_005_Unit 1,87J,Zombies,300,550,2.8
AMG_2023-10-10_2_Channel.C_005_Unit 1,87J,Zombies,1550,1650,7.0
AMG_2023-10-10_2_Channel.C_005_Unit 1,94B,Zombies,300,550,1.2
AMG_2023-10-10_2_Channel.C_005_Unit 1,94B,Zombies,1550,1650,1.0
AMG_2023-10-10_2_Channel.C_005_Unit 1,DF2I,Stranger Things,300,550,4.8
AMG_2023-10-10_2_Channel.C_005_Unit 1,DF2I,Stranger Things,1550,1650,1.0
AMG_2023-10-10_2_Channel.C_005_Unit 1,G701,Best Frans,300,550,4.0
AMG_2023-10-10_2_Channel.C_005_Unit 1,G701,Best Frans,1550,1650,0.0
AMG_2023-10-10_2_Channel.C_005_Unit 1,G942,Instigators,300,550,5.2
AMG_2023-10-10_2_Channel.C_005_Unit 1,G942,Instigators,1550,1650,2.0
AMG_2023-10-10_2_Channel.C_015_Unit 1,09X,Stranger Things,1050,1250,19.0
AMG_2023-10-10_2_Channel.C_015_Unit 1,09X,Stranger Things,1350,1450,15.0
AMG_2023-10-10_2_Channel.C_015_Unit 1,0EX,Stranger Things,1050,1250,7.0
AMG_2023-10-10_2_Channel.C_015_Unit 1,0EX,Stranger Things,1350,1450,14.0
AMG_2023-10-10_2_Channel.C_015_Unit 1,0FL,Stranger Things,1050,1250,13.0
AMG_2023-10-10_2_Channel.C_015_Unit 1,0FL,Stranger Things,1350,1450,10.0
AMG_2023-10-10_2_Channel.C_015_Unit 1,101G,Best Frans,1050,1250,16.5
AMG_2023-10-10_2_Channel.C_015_Unit 1,101G,Best Frans,1350,1450,12.0
AMG_2023-10-10_2_Channel.C_015_Unit 1,110E,Zombies,1050,1250,10.5
AMG_2023-10-10_2_Channel.C_015_Unit 1,110E,Zombies,1350,1450,23.0
AMG_2023-10-10_2_Channel.C_015_Unit 1,114J,Instigators,1050,1250,13.5
AMG_2023-10-10_2_Channel.C_015_Unit 1,114J,Instigators,1350,1450,18.0
AMG_2023-10-10_2_Channel.C_015_Unit 1,143H,Zombies,1050,1250,8.5
AMG_2023-10-10_2_Channel.C_015_Unit 1,143H,Zombies,1350,1450,14.0
AMG_2023-10-10_2_Channel.C_015_Unit 1,144H,Instigators,1050,1250,16.5
AMG_2023-10-10_2_Channel.C_015_Unit 1,144H,Instigators,1350,1450,15.0
AMG_2023-10-10_2_Channel.C_015_Unit 1,14F,Best Frans,1050,1250,10.5
AMG_2023-10-10_2_Channel.C_015_Unit 1,14F,Best Frans,1350,1450,3.0
AMG_2023-10-10_2_Channel.C_015_Unit 1,151J,Zombies,1050,1250,20.0
AMG_2023-10-10_2_Channel.C_015_Unit 1,151J,Zombies,1350,1450,22.0
AMG_2023-10-10_2_Channel.C_015_Unit 1,167I,Instigators,1050,1250,18.5
AMG_2023-10-10_2_Channel.C_015_Unit 1,167I,Instigators,1350,1450,8.0
AMG_2023-10-10_2_Channel.C_015_Unit 1,19J,Best Frans,1050,1250,16.5
AMG_2023-10-10_2_Channel.C_015_Unit 1,19J,Best Frans,1350,1450,16.0
AMG_2023-10-10_2_Channel.C_015_Unit 1,26J,Stranger Things,1050,1250,9.5
AMG_2023-10-10_2_Channel.C_015_Unit 1,26J,Stranger Things,1350,1450,15.0
AMG_2023-10-10_2_Channel.C_015_Unit 1,35Y,Instigators,1050,1250,7.0
AMG_2023-10-10_2_Channel.C_015_Unit 1,35Y,Instigators,1350,1450,12.0
AMG_2023-10-10_2_Channel.C_015_Unit 1,36J,Stranger Things,1050,1250,14.0
AMG_2023-10-10_2_Channel.C_015_Unit 1,36J,Stranger Things,1350,1450,16.0
AMG_2023-10-10_2_Channel.C_015_Unit 1,37I,Stranger Things,1050,1250,10.0
AMG_2023-10-10_2_Channel.C_015_Unit 1,37I,Stranger Things,1350,1450,8.0
AMG_2023-10-10_2_Channel.C_015_Unit 1,40J,Stranger Things,1050,1250,13.0
AMG_2023-10-10_2_Channel.C_015_Unit 1,40J,Stranger Things,1350,1450,18.0
AMG_2023-10-10_2_Channel.C_015_Unit 1,42Z,Instigators,1050,1250,15.0
AMG_2023-10-10_2_Channel.C_015_Unit 1,42Z,Instigators,1350,1450,14.0
AMG_2023-10-10_2_Channel.C_015_Unit 1,48Z,Instigators,1050,1250,12.5
AMG_2023-10-10_2_Channel.C_015_Unit 1,48Z,Instigators,1350,1450,7.0
AMG_2023-10-10_2_Channel.C_015_Unit 1,49Y,Instigators,1050,1250,16.5
AMG_2023-10-10_2_Channel.C_015_Unit 1,49Y,Instigators,1350,1450,13.0
AMG_2023-10-10_2_Channel.C_015_Unit 1,58I,Stranger Things,1050,1250,11.5
AMG_2023-10-10_2_Channel.C_015_Unit 1,58I,Stranger Things,1350,1450,6.0
AMG_2023-10-10_2_Channel.C_015_Unit 1,59E,Instigators,1050,1250,14.0
AMG_2023-10-10_2_Channel.C_015_Unit 1,59E,Instigators,1350,1450,17.0
AMG_2023-10-10_2_Channel.C_015_Unit 1,67G,Zombies,1050,1250,6.5
AMG_2023-10-10_2_Channel.C_015_Unit 1,67G,Zombies,1350,1450,5.0
AMG_2023-10-10_2_Channel.C_015_Unit 1,68E,Instigators,1050,1250,9.5
AMG_2023-10-10_2_Channel.C_015_Unit 1,68E,Instigators,1350,1450,11.0
AMG_2023-10-10_2_Channel.C_015_Unit 1,68F,Best Frans,1050,1250,13.5
AMG_2023-10-10_2_Channel.C_015_Unit 1,68F,Best Frans,1350,1450,17.0
AMG_2023-10-10_2_Channel.C_015_Unit 1,68Y,Stranger Things,1050,1250,10.5
AMG_2023-10-10_2_Channel.C_015_Unit 1,68Y,Stranger Things,1350,1450,14.0
AMG_2023-10-10_2_Channel.C_015_Unit 1,69X,Zombies,1050,1250,15.5
AMG_2023-10-10_2_Channel.C_015_Unit 1,69X,Zombies,1350,1450,14.0
AMG_2023-10-10_2_Channel.C_015_Unit 1,70G,Instigators,1050,1250,10.0
AMG_2023-10-10_2_Channel.C_015_Unit 1,70G,Instigators,1350,1450,14.0
AMG_2023-10-10_2_Channel.C_015_Unit 1,7124,Zombies,1050,1250,5.5
AMG_2023-10-10_2_Channel.C_015_Unit 1,7124,Zombies,1350,1450,5.0
AMG_2023-10-10_2_Channel.C_015_Unit 1,72X,Zombies,1050,1250,17.5
AMG_2023-10-10_2_Channel.C_015_Unit 1,72X,Zombies,1350,1450,15.0
AMG_2023-10-10_2_Channel.C_015_Unit 1,79G,Instigators,1050,1250,13.5
AMG_2023-10-10_2_Channel.C_015_Unit 1,79G,Instigators,1350,1450,17.0
AMG_2023-10-10_2_Channel.C_015_Unit 1,86I,Instigators,1050,1250,15.5
AMG_2023-10-10_2_Channel.C_015_Unit 1,86I,Instigators,1350,1450,10.0
AMG_2023-10-10_2_Channel.C_015_Unit 1,87J,Zombies,1050,1250,17.0
AMG_2023-10-10_2_Channel.C_015_Unit 1,87J,Zombies,1350,1450,14.0
AMG_2023-10-10_2_Channel.C_015_Unit 1,94B,Zombies,1050,1250,12.0
AMG_2023-10-10_2_Channel.C_015_Unit 1,94B,Zombies,1350,1450,28.0
AMG_2023-10-10_2_Channel.C_015_Unit 1,DF2I,Stranger Things,1050,1250,11.0
AMG_2023-10-10_2_Channel.C_015_Unit 1,DF2I,Stranger Things,1350,1450,14.0
AMG_2023-10-10_2_Channel.C_015_Unit 1,G701,Best Frans,1050,1250,21.5
AMG_2023-10-10_2_Channel.C_015_Unit 1,G701,Best Frans,1350,1450,20.0
AMG_2023-10-10_2_Channel.C_015_Unit 1,G942,Instigators,1050,1250,8.0
AMG_2023-10-10_2_Channel.C_015_Unit 1,G942,Instigators,1350,1450,7.0
ER_2023-10-24_2_Channel.C_008_Unit 1,09X,Stranger Things,1800,1900,1.0
ER_2023-10-24_2_Channel.C_008_Unit 1,0EX,Stranger Things,1800,1900,6.0
ER_2023-10-24_2_Channel.C_008_Unit 1,0FL,Stranger Things,1800,1900,4.0
ER_2023-10-24_2_Channel.C_008_Unit 1,101G,Best Frans,1800,1900,0.0
ER_2023-10-24_2_Channel.C_008_Unit 1,110E,Zombies,1800,1900,0.0
ER_2023-10-24_2_Channel.C_008_Unit 1,114J,Instigators,1800,1900,3.0
ER_2023-10-24_2_Channel.C_008_Unit 1,143H,Zombies,1800,1900,1.0
ER_2023-10-24_2_Channel.C_008_Unit 1,144H,Instigators,1800,1900,1.0
ER_2023-10-24_2_Channel.C_008_Unit 1,14F,Best Frans,1800,1900,0.0
ER_2023-10-24_2_Channel.C_008_Unit 1,151J,Zombies,1800,1900,7.0
ER_2023-10-24_2_Channel.C_008_Unit 1,167I,Instigators,1800,1900,1.0
ER_2023-10-24_2_Channel.C_008_Unit 1,19J,Best Frans,1800,1900,5.0
ER_2023-10-24_2_Channel.C_008_Unit 1,26J,Stranger Things,1800,1900,1.0
ER_2023-10-24_2_Channel.C_008_Unit 1,35Y,Instigators,1800,1900,2.0
ER_2023-10-24_2_Channel.C_008_Unit 1,36J,Stranger Things,1800,1900,3.0
ER_2023-10-24_2_Channel.C_008_Unit 1,37I,Stranger Things,1800,1900,5.0
ER_2023-10-24_2_Channel.C_008_Unit 1,40J,Stranger Things,1800,1900,3.0
ER_2023-10-24_2_Channel.C_008_Unit 1,42Z,Instigators,1800,1900,6.0
ER_2023-10-24_2_Channel.C_008_Unit 1,48Z,Instigators,1800,1900,0.0
ER_2023-10-24_2_Channel.C_008_Unit 1,49Y,Instigators,1800,1900,2.0
ER_2023-10-24_2_Channel.C_008_Unit 1,58I,Stranger Things,1800,1900,4.0
ER_2023-10-24_2_Channel.C_008_Unit 1,59E,Instigators,1800,1900,1.0
ER_2023-10-24_2_Channel.C_008_Unit 1,67G,Zombies,1800,1900,1.0
ER_2023-10-24_2_Channel.C_008_Unit 1,68E,Instigators,1800,1900,3.0
ER_2023-10-24_2_Channel.C_008_Unit 1,68F,Best Frans,1800,1900,1.0
ER_2023-10-24_2_Channel.C_008_Unit 1,68Y,Stranger Things,1800,1900,2.0
ER_2023-10-24_2_Channel.C_008_Unit 1,69X,Zombies,1800,1900,4.0
ER_2023-10-24_2_Channel.C_008_Unit 1,70G,Instigators,1800,1900,1.0
ER_2023-10-24_2_Channel.C_008_Unit 1,7124,Zombies,1800,1900,3.0
ER_2023-10-24_2_Channel.C_008_Unit 1,72X,Zombies,1800,1900,5.0
ER_2023-10-24_2_Channel.C_008_Unit 1,79G,Instigators,1800,1900,5.0
ER_2023-10-24_2_Channel.C_008_Unit 1,86I,Instigators,1800,1900,2.0
ER_2023-10-24_2_Channel.C_008_Unit 1,87J,Zombies,1800,1900,7.0
ER_2023-10-24_2_Channel.C_008_Unit 1,94B,Zombies,1800,1900,4.0
ER_2023-10-24_2_Channel.C_008_Unit 1,DF2I,Stranger Things,1800,1900,3.0
ER_2023-10-24_2_Channel.C_008_Unit 1,G701,Best Frans,1800,1900,3.0
ER_2023-10-24_2_Channel.C_008_Unit 1,G942,Instigators,1800,1900,1.0
ER_2023-10-27_3_Channel.C_010_Unit 1,09X,Stranger Things,1700,1800,1.0
ER_2023-10-27_3_Channel.C_010_Unit 1,0EX,Stranger Things,1700,1800,0.0
ER_2023-10-27_3_Channel.C_010_Unit 1,0FL,Stranger Things,1700,1800,2.0
ER_2023-10-27_3_Channel.C_010_Unit 1,101G,Best Frans,1700,1800,1.0
ER_2023-10-27_3_Channel.C_010_Unit 1,110E,Zombies,1700,1800,3.0
ER_2023-10-27_3_Channel.C_010_Unit 1,114J,Instigators,1700,1800,7.0
ER_2023-10-27_3_Channel.C_010_Unit 1,143H,Zombies,1700,1800,6.0
ER_2023-10-27_3_Channel.C_010_Unit 1,144H,Instigators,1700,1800,2.0
ER_2023-10-27_3_Channel.C_010_Unit 1,14F,Best Frans,1700,1800,4.0
ER_2023-10-27_3_Channel.C_010_Unit 1,151J,Zombies,1700,1800,1.0
ER_2023-10-27_3_Channel.C_010_Unit 1,167I,Instigators,1700,1800,2.0
ER_2023-10-27_3_Channel.C_010_Unit 1,19J,Best Frans,1700,1800,6.0
ER_2023-10-27_3_Channel.C_010_Unit 1,26J,Stranger Things,1700,1800,0.0
ER_2023-10-27_3_Channel.C_010_Unit 1,35Y,Instigators,1700,1800,2.0
ER_2023-10-27_3_Channel.C_010_Unit 1,36J,Stranger Things,1700,1800,4.0
ER_2023-10-27_3_Channel.C_010_Unit 1,37I,Stranger Things,1700,1800,2.0
ER_2023-10-27_3_Channel.C_010_Unit 1,40J,Stranger Things,1700,1800,1.0
ER_2023-10-27_3_Channel.C_010_Unit 1,42Z,Instigators,1700,1800,1.0
ER_2023-10-27_3_Channel.C_010_Unit 1,48Z,Instigators,1700,1800,2.0
ER_2023-10-27_3_Channel.C_010_Unit 1,49Y,Instigators,1700,1800,4.0
ER_2023-10-27_3_Channel.C_010_Unit 1,58I,Stranger Things,1700,1800,0.0
ER_2023-10-27_3_Channel.C_010_Unit 1,59E,Instigators,1700,1800,4.0
ER_2023-10-27_3_Channel.C_010_Unit 1,67G,Zombies,1700,1800,2.0
ER_2023-10-27_3_Channel.C_010_Unit 1,68E,Instigators,1700,1800,3.0
ER_2023-10-27_3_Channel.C_010_Unit 1,68F,Best Frans,1700,1800,1.0
ER_2023-10-27_3_Channel.C_010_Unit 1,68Y,Stranger Things,1700,1800,5.0
ER_2023-10-27_3_Channel.C_010_Unit 1,69X,Zombies,1700,1800,8.0
ER_2023-10-27_3_Channel.C_010_Unit 1,70G,Instigators,1700,1800,3.0
ER_2023-10-27_3_Channel.C_010_Unit 1,7124,Zombies,1700,1800,2.0
ER_2023-10-27_3_Channel.C_010_Unit 1,72X,Zombies,1700,1800,0.0
ER_2023-10-27_3_Channel.C_010_Unit 1,79G,Instigators,1700,1800,4.0
ER_2023-10-27_3_Channel.C_010_Unit 1,86I,Instigators,1700,1800,2.0
ER_2023-10-27_3_Channel.C_010_Unit 1,87J,Zombies,1700,1800,0.0
ER_2023-10-27_3_Channel.C_010_Unit 1,94B,Zombies,1700,1800,2.0
ER_2023-10-27_3_Channel.C_010_Unit 1,DF2I,Stranger Things,1700,1800,5.0
ER_2023-10-27_3_Channel.C_010_Unit 1,G701,Best Frans,1700,1800,1.0
ER_2023-10-27_3_Channel.C_010_Unit 1,G942,Instigators,1700,1800,1.0
ER_2023-10-27_4_Channel.C_004_Unit 1,09X,Stranger Things,50,250,2.5
ER_2023-10-27_4_Channel.C_004_Unit 1,0EX,Stranger Things,50,250,11.666666666666666
ER_2023-10-27_4_Channel.C_004_Unit 1,0FL,Stranger Things,50,250,0.5
ER_2023-10-27_4_Channel.C_004_Unit 1,101G,Best Frans,50,250,2.5
ER_2023-10-27_4_Channel.C_004_Unit 1,110E,Zombies,50,250,1.25
ER_2023-10-27_4_Channel.C_004_Unit 1,114J,Instigators,50,250,3.75
ER_2023-10-27_4_Channel.C_004_Unit 1,143H,Zombies,50,250,7.222222222222222
ER_2023-10-27_4_Channel.C_004_Unit 1,144H,Instigators,50,250,5.0
ER_2023-10-27_4_Channel.C_004_Unit 1,14F,Best Frans,50,250,9.0
ER_2023-10-27_4_Channel.C_004_Unit 1,151J,Zombies,50,250,5.0
ER_2023-10-27_4_Channel.C_004_Unit 1,167I,Instigators,50,250,4.5
ER_2023-10-27_4_Channel.C_004_Unit 1,19J,Best Frans,50,250,4.375
ER_2023-10-27_4_Channel.C_004_Unit 1,26J,Stranger Things,50,250,2.2222222222222223
ER_2023-10-27_4_Channel.C_004_Unit 1,35Y,Instigators,50,250,11.666666666666666
ER_2023-10-27_4_Channel.C_004_Unit 1,36J,Stranger Things,50,250,5.0
ER_2023-10-27_4_Channel.C_004_Unit 1,37I,Stranger Things,50,250,3.125
ER_2023-10-27_4_Channel.C_004_Unit 1,40J,Stranger Things,50,250,4.5
ER_2023-10-27_4_Channel.C_004_Unit 1,42Z,Instigators,50,250,0.625
ER_2023-10-27_4_Channel.C_004_Unit 1,48Z,Instigators,50,250,3.75
ER_2023-10-27_4_Channel.C_004_Unit 1,49Y,Instigators,50,250,2.7777777777777777
ER_2023-10-27_4_Channel.C_004_Unit 1,58I,Stranger Things,50,250,2.5
ER_2023-10-27_4_Channel.C_004_Unit 1,59E,Instigators,50,250,2.5
ER_2023-10-27_4_Channel.C_004_Unit 1,67G,Zombies,50,250,5.0
ER_2023-10-27_4_Channel.C_004_Unit 1,68E,Instigators,50,250,8.333333333333334
ER_2023-10-27_4_Channel.C_004_Unit 1,68F,Best Frans,50,250,5.625
ER_2023-10-27_4_Channel.C_004_Unit 1,68Y,Stranger Things,50,250,1.0
ER_2023-10-27_4_Channel.C_004_Unit 1,69X,Zombies,50,250,4.5
ER_2023-10-27_4_Channel.C_004_Unit 1,70G,Instigators,50,250,8.571428571428571
ER_2023-10-27_4_Channel.C_004_Unit 1,7124,Zombies,50,250,0.0
ER_2023-10-27_4_Channel.C_004_Unit 1,72X,Zombies,50,250,2.5
ER_2023-10-27_4_Channel.C_004_Unit 1,79G,Instigators,50,250,2.2222222222222223
ER_2023-10-27_4_Channel.C_004_Unit 1,86I,Instigators,50,250,5.5
ER_2023-10-27_4_Channel.C_004_Unit 1,87J,Zombies,50,250,2.0
ER_2023-10-27_4_Channel.C_004_Unit 1,94B,Zombies,50,250,6.0
ER_2023-10-27_4_Channel.C_004_Unit 1,DF2I,Stranger Things,50,250,6.111111111111111
ER_2023-10-27_4_Channel.C_004_Unit 1,G701,Best Frans,50,250,6.875
ER_2023-10-27_4_Channel.C_004_Unit 1,G942,Instigators,50,250,2.142857142857143
ER_2023-10-27_4_Channel.C_011_Unit 1,09X,Stranger Things,100,200,1.0
ER_2023-10-27_4_Channel.C_011_Unit 1,0EX,Stranger Things,100,200,0.0
ER_2023-10-27_4_Channel.C_011_Unit 1,0FL,Stranger Things,100,200,2.0
ER_2023-10-27_4_Channel.C_011_Unit 1,101G,Best Frans,100,200,0.0
ER_2023-10-27_4_Channel.C_011_Unit 1,110E,Zombies,100,200,0.0
ER_2023-10-27_4_Channel.C_011_Unit 1,114J,Instigators,100,200,0.0
ER_2023-10-27_4_Channel.C_011_Unit 1,143H,Zombies,100,200,2.2222222222222223
ER_2023-10-27_4_Channel.C_011_Unit 1,144H,Instigators,100,200,0.0
ER_2023-10-27_4_Channel.C_011_Unit 1,14F,Best Frans,100,200,2.0
ER_2023-10-27_4_Channel.C_011_Unit 1,151J,Zombies,100,200,0.0
ER_2023-10-27_4_Channel.C_011_Unit 1,167I,Instigators,100,200,1.0
ER_2023-10-27_4_Channel.C_011_Unit 1,19J,Best Frans,100,200,0.0
ER_2023-10-27_4_Channel.C_011_Unit 1,26J,Stranger Things,100,200,1.1111111111111112
ER_2023-10-27_4_Channel.C_011_Unit 1,35Y,Instigators,100,200,2.2222222222222223
ER_2023-10-27_4_Channel.C_011_Unit 1,36J,Stranger Things,100,200,1.1111111111111112
ER_2023-10-27_4_Channel.C_011_Unit 1,37I,Stranger Things,100,200,0.0
ER_2023-10-27_4_Channel.C_011_Unit 1,40J,Stranger Things,100,200,2.0
ER_2023-10-27_4_Channel.C_011_Unit 1,42Z,Instigators,100,200,2.5
ER_2023-10-27_4_Channel.C_011_Unit 1,48Z,Instigators,100,200,2.5
ER_2023-10-27_4_Channel.C_011_Unit 1,49Y,Instigators,100,200,1.1111111111111112
ER_2023-10-27_4_Channel.C_011_Unit 1,58I,Stranger Things,100,200,0.0
ER_2023-10-27_4_Channel.C_011_Unit 1,59E,Instigators,100,200,0.0
ER_2023-10-27_4_Channel.C_011_Unit 1,67G,Zombies,100,200,0.0
ER_2023-10-27_4_Channel.C_011_Unit 1,68E,Instigators,100,200,1.1111111111111112
ER_2023-10-27_4_Channel.C_011_Unit 1,68F,Best Frans,100,200,2.5
ER_2023-10-27_4_Channel.C_011_Unit 1,68Y,Stranger Things,100,200,0.0
ER_2023-10-27_4_Channel.C_011_Unit 1,69X,Zombies,100,200,0.0
ER_2023-10-27_4_Channel.C_011_Unit 1,70G,Instigators,100,200,1.4285714285714286
ER_2023-10-27_4_Channel.C_011_Unit 1,7124,Zombies,100,200,2.5
ER_2023-10-27_4_Channel.C_011_Unit 1,72X,Zombies,100,200,6.25
ER_2023-10-27_4_Channel.C_011_Unit 1,79G,Instigators,100,200,1.1111111111111112
ER_2023-10-27_4_Channel.C_011_Unit 1,86I,Instigators,100,200,2.0
ER_2023-10-27_4_Channel.C_011_Unit 1,87J,Zombies,100,200,2.0
ER_2023-10-27_4_Channel.C_011_Unit 1,94B,Zombies,100,200,0.0
ER_2023-10-27_4_Channel.C_011_Unit 1,DF2I,Stranger Things,100,200,0.0
ER_2023-10-27_4_Channel.C_011_Unit 1,G701,Best Frans,100,200,1.25
ER_2023-10-27_4_Channel.C_011_Unit 1,G942,Instigators,100,200,0.0
ER_2023-11-08_4_Channel.C_019_Unit 1,09X,Stranger Things,250,550,14.0
ER_2023-11-08_4_Channel.C_019_Unit 1,0EX,Stranger Things,250,550,17.333333333333336
ER_2023-11-08_4_Channel.C_019_Unit 1,0FL,Stranger Things,250,550,15.0
ER_2023-11-08_4_Channel.C_019_Unit 1,101G,Best Frans,250,550,14.0
ER_2023-11-08_4_Channel.C_019_Unit 1,110E,Zombies,250,550,15.0
ER_2023-11-08_4_Channel.C_019_Unit 1,114J,Instigators,250,550,15.666666666666668
ER_2023-11-08_4_Channel.C_019_Unit 1,143H,Zombies,250,550,13.666666666666668
ER_2023-11-08_4_Channel.C_019_Unit 1,144H,Instigators,250,550,12.0
ER_2023-11-08_4_Channel.C_019_Unit 1,14F,Best Frans,250,550,13.666666666666668
ER_2023-11-08_4_Channel.C_019_Unit 1,151J,Zombies,250,550,20.666666666666668
ER_2023-11-08_4_Channel.C_019_Unit 1,167I,Instigators,250,550,10.333333333333334
ER_2023-11-08_4_Channel.C_019_Unit 1,19J,Best Frans,250,550,20.333333333333336
ER_2023-11-08_4_Channel.C_019_Unit 1,26J,Stranger Things,250,550,17.666666666666668
ER_2023-11-08_4_Channel.C_019_Unit 1,35Y,Instigators,250,550,10.0
ER_2023-11-08_4_Channel.C_019_Unit 1,36J,Stranger Things,250,550,15.666666666666668
ER_2023-11-08_4_Channel.C_019_Unit 1,37I,Stranger Things,250,550,17.333333333333336
ER_2023-11-08_4_Channel.C_019_Unit 1,40J,Stranger Things,250,550,10.666666666666668
ER_2023-11-08_4_Channel.C_019_Unit 1,42Z,Instigators,250,550,19.0
ER_2023-11-08_4_Channel.C_019_Unit 1,48Z,Instigators,250,550,13.666666666666666
ER_2023-11-08_4_Channel.C_019_Unit 1,49Y,Instigators,250,550,14.0
ER_2023-11-08_4_Channel.C_019_Unit 1,58I,Stranger Things,250,550,10.666666666666668
ER_2023-11-08_4_Channel.C_019_Unit 1,59E,Instigators,250,550,15.333333333333334
ER_2023-11-08_4_Channel.C_019_Unit 1,67G,Zombies,250,550,9.333333333333334
ER_2023-11-08_4_Channel.C_019_Unit 1,68E,Instigators,250,550,12.666666666666668
ER_2023-11-08_4_Channel.C_019_Unit 1,68F,Best Frans,250,550,9.333333333333334
ER_2023-11-08_4_Channel.C_019_Unit 1,68Y,Stranger Things,250,550,11.0
ER_2023-11-08_4_Channel.C_019_Unit 1,69X,Zombies,250,550,6.333333333333334
ER_2023-11-08_4_Channel.C_019_Unit 1,70G,Instigators,250,550,15.333333333333334
ER_2023-11-08_4_Channel.C_019_Unit 1,7124,Zombies,250,550,20.333333333333336
ER_2023-11-08_4_Channel.C_019_Unit 1,72X,Zombies,250,550,15.333333333333334
ER_2023-11-08_4_Channel.C_019_Unit 1,79G,Instigators,250,550,18.0
ER_2023-11-08_4_Channel.C_019_Unit 1,86I,Instigators,250,550,9.0
ER_2023-11-08_4_Channel.C_019_Unit 1,87J,Zombies,250,550,16.333333333333336
ER_2023-11-08_4_Channel.C_019_Unit 1,94B,Zombies,250,550,13.0
ER_2023-11-08_4_Channel.C_019_Unit 1,DF2I,Stranger Things,250,550,11.666666666666668
ER_2023-11-08_4_Channel.C_019_Unit 1,G701,Best Frans,250,550,13.333333333333334
ER_2023-11-08_4_Channel.C_019_Unit 1,G942,Instigators,250,550,12.333333333333334
ER_2023-11-20_1_Channel.C_018_Unit 1,09X,Stranger Things,200,400,10.0
ER_2023-11-20_1_Channel.C_018_Unit 1,0EX,Stranger Things,200,400,7.0
ER_2023-11-20_1_Channel.C_018_Unit 1,0FL,Stranger Things,200,400,3.5
ER_2023-11-20_1_Channel.C_018_Unit 1,101G,Best Frans,200,400,12.5
ER_2023-11-20_1_Channel.C_018_Unit 1,110E,Zombies,200,400,11.5
ER_2023-11-20_1_Channel.C_018_Unit 1,114J,Instigators,200,400,7.5
ER_2023-11-20_1_Channel.C_018_Unit 1,143H,Zombies,200,400,2.0
ER_2023-11-20_1_Channel.C_018_Unit 1,144H,Instigators,200,400,11.5
ER_2023-11-20_1_Channel.C_018_Unit 1,14F,Best Frans,200,400,18.5
ER_2023-11-20_1_Channel.C_018_Unit 1,151J,Zombies,200,400,7.5
ER_2023-11-20_1_Channel.C_018_Unit 1,167I,Instigators,200,400,7.5
ER_2023-11-20_1_Channel.C_018_Unit 1,19J,Best Frans,200,400,6.5
ER_2023-11-20_1_Channel.C_018_Unit 1,26J,Stranger Things,200,400,15.0
ER_2023-11-20_1_Channel.C_018_Unit 1,35Y,Instigators,200,400,5.5
ER_2023-11-20_1_Channel.C_018_Unit 1,36J,Stranger Things,200,400,1.5
ER_2023-11-20_1_Channel.C_018_Unit 1,37I,Stranger Things,200,400,4.5
ER_2023-11-20_1_Channel.C_018_Unit 1,40J,Stranger Things,200,400,1.5
ER_2023-11-20_1_Channel.C_018_Unit 1,42Z,Instigators,200,400,6.5
ER_2023-11-20_1_Channel.C_018_Unit 1,48Z,Instigators,200,400,11.5
ER_2023-11-20_1_Channel.C_018_Unit 1,49Y,Instigators,200,400,6.0
ER_2023-11-20_1_Channel.C_018_Unit 1,58I,Stranger Things,200,400,9.5
ER_2023-11-20_1_Channel.C_018_Unit 1,59E,Instigators,200,400,11.0
ER_2023-11-20_1_Channel.C_018_Unit 1,67G,Zombies,200,400,15.5
ER_2023-11-20_1_Channel.C_018_Unit 1,68E,Instigators,200,400,5.5
ER_2023-11-20_1_Channel.C_018_Unit 1,68F,Best Frans,200,400,6.5
ER_2023-11-20_1_Channel.C_018_Unit 1,68Y,Stranger Things,200,400,1.5
ER_2023-11-20_1_Channel.C_018_Unit 1,69X,Zombies,200,400,4.0
ER_2023-11-20_1_Channel.C_018_Unit 1,70G,Instigators,200,400,4.0
ER_2023-11-20_1_Channel.C_018_Unit 1,7124,Zombies,200,400,8.5
ER_2023-11-20_1_Channel.C_018_Unit 1,72X,Zombies,200,400,9.0
ER_2023-11-20_1_Channel.C_018_Unit 1,79G,Instigators,200,400,4.0
ER_2023-11-20_1_Channel.C_018_Unit 1,86I,Instigators,200,400,9.5
ER_2023-11-20_1_Channel.C_018_Unit 1,87J,Zombies,200,400,13.5
ER_2023-11-20_1_Channel.C_018_Unit 1,94B,Zombies,200,400,3.0
ER_2023-11-20_1_Channel.C_018_Unit 1,DF2I,Stranger Things,200,400,8.0
ER_2023-11-20_1_Channel.C_018_Unit 1,G701,Best Frans,200,400,5.5
ER_2023-11-20_1_Channel.C_018_Unit 1,G942,Instigators,200,400,5.0
ER_2023-11-22_2_Channel.C_006_Unit 1,09X,Stranger Things,1900,2000,2.0
ER_2023-11-22_2_Channel.C_006_Unit 1,0EX,Stranger Things,1900,2000,1.0
ER_2023-11-22_2_Channel.C_006_Unit 1,0FL,Stranger Things,1900,2000,2.0
ER_2023-11-22_2_Channel.C_006_Unit 1,101G,Best Frans,1900,2000,5.0
ER_2023-11-22_2_Channel.C_006_Unit 1,110E,Zombies,1900,2000,0.0
ER_2023-11-22_2_Channel.C_006_Unit 1,114J,Instigators,1900,2000,3.0
ER_2023-11-22_2_Channel.C_006_Unit 1,143H,Zombies,1900,2000,7.0
ER_2023-11-22_2_Channel.C_006_Unit 1,144H,Instigators,1900,2000,3.0
ER_2023-11-22_2_Channel.C_006_Unit 1,14F,Best Frans,1900,2000,2.0
ER_2023-11-22_2_Channel.C_006_Unit 1,151J,Zombies,1900,2000,1.0
ER_2023-11-22_2_Channel.C_006_Unit 1,167I,Instigators,1900,2000,2.0
ER_2023-11-22_2_Channel.C_006_Unit 1,19J,Best Frans,1900,2000,2.0
ER_2023-11-22_2_Channel.C_006_Unit 1,26J,Stranger Things,1900,2000,3.0
ER_2023-11-22_2_Channel.C_006_Unit 1,35Y,Instigators,1900,2000,1.0
ER_2023-11-22_2_Channel.C_006_Unit 1,36J,Stranger Things,1900,2000,0.0
ER_2023-11-22_2_Channel.C_006_Unit 1,37I,Stranger Things,1900,2000,1.0
ER_2023-11-22_2_Channel.C_006_Unit 1,40J,Stranger Things,1900,2000,1.0
ER_2023-11-22_2_Channel.C_006_Unit 1,42Z,Instigators,1900,2000,1.0
ER_2023-11-22_2_Channel.C_006_Unit 1,48Z,Instigators,1900,2000,3.0
ER_2023-11-22_2_Channel.C_006_Unit 1,49Y,Instigators,1900,2000,0.0
ER_2023-11-22_2_Channel.C_006_Unit 1,58I,Stranger Things,1900,2000,1.0
ER_2023-11-22_2_Channel.C_006_Unit 1,59E,Instigators,1900,2000,2.0
ER_2023-11-22_2_Channel.C_006_Unit 1,67G,Zombies,1900,2000,2.0
ER_2023-11-22_2_Channel.C_006_Unit 1,68E,Instigators,1900,2000,1.0
ER_2023-11-22_2_Channel.C_006_Unit 1,68F,Best Frans,1900,2000,2.0
ER_2023-11-22_2_Channel.C_006_Unit 1,68Y,Stranger Things,1900,2000,0.0
ER_2023-11-22_2_Channel.C_006_Unit 1,69X,Zombies,1900,2000,2.0
ER_2023-11-22_2_Channel.C_006_Unit 1,70G,Instigators,1900,2000,4.0
ER_2023-11-22_2_Channel.C_006_Unit 1,7124,Zombies,1900,2000,5.0
ER_2023-11-22_2_Channel.C_006_Unit 1,72X,Zombies,1900,2000,1.0
ER_2023-11-22_2_Channel.C_006_Unit 1,79G,Instigators,1900,2000,0.0
ER_2023-11-22_2_Channel.C_006_Unit 1,86I,Instigators,1900,2000,1.0
ER_2023-11-22_2_Channel.C_006_Unit 1,87J,Zombies,1900,2000,1.0
ER_2023-11-22_2_Channel.C_006_Unit 1,94B,Zombies,1900,2000,0.0
ER_2023-11-22_2_Channel.C_006_Unit 1,DF2I,Stranger Things,1900,2000,1.0
ER_2023-11-22_2_Channel.C_006_Unit 1,G701,Best Frans,1900,2000,1.0
ER_2023-11-22_2_Channel.C_006_Unit 1,G942,Instigators,1900,2000,3.0
ER_2023-11-22_3_Channel.C_003_Unit 3,09X,Stranger Things,50,150,4.0
ER_2023-11-22_3_Channel.C_003_Unit 3,0EX,Stranger Things,50,150,2.0
ER_2023-11-22_3_Channel.C_003_Unit 3,0FL,Stranger Things,50,150,3.0
ER_2023-11-22_3_Channel.C_003_Unit 3,101G,Best Frans,50,150,5.0
ER_2023-11-22_3_Channel.C_003_Unit 3,110E,Zombies,50,150,6.0
ER_2023-11-22_3_Channel.C_003_Unit 3,114J,Instigators,50,150,5.0
ER_2023-11-22_3_Channel.C_003_Unit 3,143H,Zombies,50,150,1.0
ER_2023-11-22_3_Channel.C_003_Unit 3,144H,Instigators,50,150,6.0
ER_2023-11-22_3_Channel.C_003_Unit 3,14F,Best Frans,50,150,7.0
ER_2023-11-22_3_Channel.C_003_Unit 3,151J,Zombies,50,150,10.0
ER_2023-11-22_3_Channel.C_003_Unit 3,167I,Instigators,50,150,2.0
ER_2023-11-22_3_Channel.C_003_Unit 3,19J,Best Frans,50,150,0.0
ER_2023-11-22_3_Channel.C_003_Unit 3,26J,Stranger Things,50,150,6.0
ER_2023-11-22_3_Channel.C_003_Unit 3,35Y,Instigators,50,150,9.0
ER_2023-11-22_3_Channel.C_003_Unit 3,36J,Stranger Things,50,150,9.0
ER_2023-11-22_3_Channel.C_003_Unit 3,37I,Stranger Things,50,150,5.0
ER_2023-11-22_3_Channel.C_003_Unit 3,40J,Stranger Things,50,150,6.0
ER_2023-11-22_3_Channel.C_003_Unit 3,42Z,Instigators,50,150,9.0
ER_2023-11-22_3_Channel.C_003_Unit 3,48Z,Instigators,50,150,3.0
ER_2023-11-22_3_Channel.C_003_Unit 3,49Y,Instigators,50,150,10.0
ER_2023-11-22_3_Channel.C_003_Unit 3,58I,Stranger Things,50,150,2.0
ER_2023-11-22_3_Channel.C_003_Unit 3,59E,Instigators,50,150,3.0
ER_2023-11-22_3_Channel.C_003_Unit 3,67G,Zombies,50,150,8.0
ER_2023-11-22_3_Channel.C_003_Unit 3,68E,Instigators,50,150,2.0
ER_2023-11-22_3_Channel.C_003_Unit 3,68F,Best Frans,50,150,1.0
ER_2023-11-22_3_Channel.C_003_Unit 3,68Y,Stranger Things,50,150,9.0
ER_2023-11-22_3_Channel.C_003_Unit 3,69X,Zombies,50,150,12.0
ER_2023-11-22_3_Channel.C_003_Unit 3,70G,Instigators,50,150,4.0
ER_2023-11-22_3_Channel.C_003_Unit 3,7124,Zombies,50,150,1.0
ER_2023-11-22_3_Channel.C_003_Unit 3,72X,Zombies,50,150,8.0
ER_2023-11-22_3_Channel.C_003_Unit 3,79G,Instigators,50,150,5.0
ER_2023-11-22_3_Channel.C_003_Unit 3,86I,Instigators,50,150,1.0
ER_2023-11-22_3_Channel.C_003_Unit 3,87J,Zombies,50,150,11.0
ER_2023-11-22_3_Channel.C_003_Unit 3,94B,Zombies,50,150,2.0
ER_2023-11-22_3_Channel.C_003_Unit 3,DF2I,Stranger Things,50,150,3.0
ER_2023-11-22_3_Channel.C_003_Unit 3,G701,Best Frans,50,150,7.0
ER_2023-11-22_3_Channel.C_003_Unit 3,G942,Instigators,50,150,6.0
ER_2023-11-22_4_Channel.C_015_Unit 1,09X,Stranger Things,2200,2300,3.0
ER_2023-11-22_4_Channel.C_015_Unit 1,0EX,Stranger Things,2200,2300,2.0
ER_2023-11-22_4_Channel.C_015_Unit 1,0FL,Stranger Things,2200,2300,1.0
ER_2023-11-22_4_Channel.C_015_Unit 1,101G,Best Frans,2200,2300,0.0
ER_2023-11-22_4_Channel.C_015_Unit 1,110E,Zombies,2200,2300,0.0
ER_2023-11-22_4_Channel.C_015_Unit 1,114J,Instigators,2200,2300,0.0
ER_2023-11-22_4_Channel.C_015_Unit 1,143H,Zombies,2200,2300,4.0
ER_2023-11-22_4_Channel.C_015_Unit 1,144H,Instigators,2200,2300,1.0
ER_2023-11-22_4_Channel.C_015_Unit 1,14F,Best Frans,2200,2300,0.0
ER_2023-11-22_4_Channel.C_015_Unit 1,151J,Zombies,2200,2300,5.0
ER_2023-11-22_4_Channel.C_015_Unit 1,167I,Instigators,2200,2300,1.0
ER_2023-11-22_4_Channel.C_015_Unit 1,19J,Best Frans,2200,2300,0.0
ER_2023-11-22_4_Channel.C_015_Unit 1,26J,Stranger Things,2200,2300,1.0
ER_2023-11-22_4_Channel.C_015_Unit 1,35Y,Instigators,2200,2300,1.0
ER_2023-11-22_4_Channel.C_015_Unit 1,36J,Stranger Things,2200,2300,1.0
ER_2023-11-22_4_Channel.C_015_Unit 1,37I,Stranger Things,2200,2300,2.0
ER_2023-11-22_4_Channel.C_015_Unit 1,40J,Stranger Things,2200,2300,0.0
ER_2023-11-22_4_Channel.C_015_Unit 1,42Z,Instigators,2200,2300,1.0
ER_2023-11-22_4_Channel.C_015_Unit 1,48Z,Instigators,2200,2300,0.0
ER_2023-11-22_4_Channel.C_015_Unit 1,49Y,Instigators,2200,2300,1.0
ER_2023-11-22_4_Channel.C_015_Unit 1,58I,Stranger Things,2200,2300,0.0
ER_2023-11-22_4_Channel.C_015_Unit 1,59E,Instigators,2200,2300,0.0
ER_2023-11-22_4_Channel.C_015_Unit 1,67G,Zombies,2200,2300,0.0
ER_2023-11-22_4_Channel.C_015_Unit 1,68E,Instigators,2200,2300,1.0
ER_2023-11-22_4_Channel.C_015_Unit 1,68F,Best Frans,2200,2300,0.0
ER_2023-11-22_4_Channel.C_015_Unit 1,68Y,Stranger Things,2200,2300,1.0
ER_2023-11-22_4_Channel.C_015_Unit 1,69X,Zombies,2200,2300,1.0
ER_2023-11-22_4_Channel.C_015_Unit 1,70G,Instigators,2200,2300,1.0
ER_2023-11-22_4_Channel.C_015_Unit 1,7124,Zombies,2200,2300,0.0
ER_2023-11-22_4_Channel.C_015_Unit 1,72X,Zombies,2200,2300,2.0
ER_2023-11-22_4_Channel.C_015_Unit 1,79G,Instigators,2200,2300,0.0
ER_2023-11-22_4_Channel.C_015_Unit 1,86I,Instigators,2200,2300,1.0
ER_2023-11-22_4_Channel.C_015_Unit 1,87J,Zombies,2200,2300,1.0
ER_2023-11-22_4_Channel.C_015_Unit 1,94B,Zombies,2200,2300,2.0
ER_2023-11-22_4_Channel.C_015_Unit 1,DF2I,Stranger Things,2200,2300,1.0
ER_2023-11-22_4_Channel.C_015_Unit 1,G701,Best Frans,2200,2300,1.0
ER_2023-11-22_4_Channel.C_015_Unit 1,G942,Instigators,2200,2300,0.0
ER_2023-11-25_2_Channel.C_017_Unit 2,09X,Stranger Things,1600,1700,2.0
ER_2023-11-25_2_Channel.C_017_Unit 2,0EX,Stranger Things,1600,1700,4.0
ER_2023-11-25_2_Channel.C_017_Unit 2,0FL,Stranger Things,1600,1700,4.0
ER_2023-11-25_2_Channel.C_017_Unit 2,101G,Best Frans,1600,1700,2.0
ER_2023-11-25_2_Channel.C_017_Unit 2,110E,Zombies,1600,1700,2.0
ER_2023-11-25_2_Channel.C_017_Unit 2,114J,Instigators,1600,1700,3.0
ER_2023-11-25_2_Channel.C_017_Unit 2,143H,Zombies,1600,1700,1.0
ER_2023-11-25_2_Channel.C_017_Unit 2,144H,Instigators,1600,1700,1.0
ER_2023-11-25_2_Channel.C_017_Unit 2,14F,Best Frans,1600,1700,1.0
ER_2023-11-25_2_Channel.C_017_Unit 2,151J,Zombies,1600,1700,3.0
ER_2023-11-25_2_Channel.C_017_Unit 2,167I,Instigators,1600,1700,1.0
ER_2023-11-25_2_Channel.C_017_Unit 2,19J,Best Frans,1600,1700,1.0
ER_2023-11-25_2_Channel.C_017_Unit 2,26J,Stranger Things,1600,1700,1.0
ER_2023-11-25_2_Channel.C_017_Unit 2,35Y,Instigators,1600,1700,3.0
ER_2023-11-25_2_Channel.C_017_Unit 2,36J,Stranger Things,1600,1700,5.0
ER_2023-11-25_2_Channel.C_017_Unit 2,37I,Stranger Things,1600,1700,0.0
ER_2023-11-25_2_Channel.C_017_Unit 2,40J,Stranger Things,1600,1700,1.0
ER_2023-11-25_2_Channel.C_017_Unit 2,42Z,Instigators,1600,1700,4.0
ER_2023-11-25_2_Channel.C_017_Unit 2,48Z,Instigators,1600,1700,1.0
ER_2023-11-25_2_Channel.C_017_Unit 2,49Y,Instigators,1600,1700,2.0
ER_2023-11-25_2_Channel.C_017_Unit 2,58I,Stranger Things,1600,1700,1.0
ER_2023-11-25_2_Channel.C_017_Unit 2,59E,Instigators,1600,1700,3.0
ER_2023-11-25_2_Channel.C_017_Unit 2,67G,Zombies,1600,1700,7.0
ER_2023-11-25_2_Channel.C_017_Unit 2,68E,Instigators,1600,1700,4.0
ER_2023-11-25_2_Channel.C_017_Unit 2,68F,Best Frans,1600,1700,3.0
ER_2023-11-25_2_Channel.C_017_Unit 2,68Y,Stranger Things,1600,1700,1.0
ER_2023-11-25_2_Channel.C_017_Unit 2,69X,Zombies,1600,1700,2.0
ER_2023-11-25_2_Channel.C_017_Unit 2,70G,Instigators,1600,1700,4.0
ER_2023-11-25_2_Channel.C_017_Unit 2,7124,Zombies,1600,1700,2.0
ER_2023-11-25_2_Channel.C_017_Unit 2,72X,Zombies,1600,1700,5.0
ER_2023-11-25_2_Channel.C_017_Unit 2,79G,Instigators,1600,1700,4.0
ER_2023-11-25_2_Channel.C_017_Unit 2,86I,Instigators,1600,1700,0.0
ER_2023-11-25_2_Channel.C_017_Unit 2,87J,Zombies,1600,1700,4.0
ER_2023-11-25_2_Channel.C_017_Unit 2,94B,Zombies,1600,1700,1.0
ER_2023-11-25_2_Channel.C_017_Unit 2,DF2I,Stranger Things,1600,1700,3.0
ER_2023-11-25_2_Channel.C_017_Unit 2,G701,Best Frans,1600,1700,1.0
ER_2023-11-25_2_Channel.C_017_Unit 2,G942,Instigators,1600,1700,2.0
ER_2023-11-27_3_Channel.C_017_Unit 1,09X,Stranger Things,1150,1550,4.25
ER_2023-11-27_3_Channel.C_017_Unit 1,0EX,Stranger Things,1150,1550,3.5
ER_2023-11-27_3_Channel.C_017_Unit 1,0FL,Stranger Things,1150,1550,2.5
ER_2023-11-27_3_Channel.C_017_Unit 1,101G,Best Frans,1150,1550,4.0
ER_2023-11-27_3_Channel.C_017_Unit 1,110E,Zombies,1150,1550,2.25
ER_2023-11-27_3_Channel.C_017_Unit 1,114J,Instigators,1150,1550,6.0
ER_2023-11-27_3_Channel.C_017_Unit 1,143H,Zombies,1150,1550,0.75
ER_2023-11-27_3_Channel.C_017_Unit 1,144H,Instigators,1150,1550,4.5
ER_2023-11-27_3_Channel.C_017_Unit 1,14F,Best Frans,1150,1550,1.75
ER_2023-11-27_3_Channel.C_017_Unit 1,151J,Zombies,1150,1550,0.0
ER_2023-11-27_3_Channel.C_017_Unit 1,167I,Instigators,1150,1550,3.75
ER_2023-11-27_3_Channel.C_017_Unit 1,19J,Best Frans,1150,1550,5.0
ER_2023-11-27_3_Channel.C_017_Unit 1,26J,Stranger Things,1150,1550,1.5
ER_2023-11-27_3_Channel.C_017_Unit 1,35Y,Instigators,1150,1550,5.25
ER_2023-11-27_3_Channel.C_017_Unit 1,36J,Stranger Things,1150,1550,3.25
ER_2023-11-27_3_Channel.C_017_Unit 1,37I,Stranger Things,1150,1550,3.5
ER_2023-11-27_3_Channel.C_017_Unit 1,40J,Stranger Things,1150,1550,3.75
ER_2023-11-27_3_Channel.C_017_Unit 1,42Z,Instigators,1150,1550,2.0
ER_2023-11-27_3_Channel.C_017_Unit 1,48Z,Instigators,1150,1550,4.0
ER_2023-11-27_3_Channel.C_017_Unit 1,49Y,Instigators,1150,1550,3.25
ER_2023-11-27_3_Channel.C_017_Unit 1,58I,Stranger Things,1150,1550,2.0
ER_2023-11-27_3_Channel.C_017_Unit 1,59E,Instigators,1150,1550,5.5
ER_2023-11-27_3_Channel.C_017_Unit 1,67G,Zombies,1150,1550,4.0
ER_2023-11-27_3_Channel.C_017_Unit 1,68E,Instigators,1150,1550,0.75
ER_2023-11-27_3_Channel.C_017_Unit 1,68F,Best Frans,1150,1550,2.25
ER_2023-11-27_3_Channel.C_017_Unit 1,68Y,Stranger Things,1150,1550,2.25
ER_2023-11-27_3_Channel.C_017_Unit 1,69X,Zombies,1150,1550,4.25
ER_2023-11-27_3_Channel.C_017_Unit 1,70G,Instigators,1150,1550,2.5
ER_2023-11-27_3_Channel.C_017_Unit 1,7124,Zombies,1150,1550,3.0
ER_2023-11-27_3_Channel.C_017_Unit 1,72X,Zombies,1150,1550,3.25
ER_2023-11-27_3_Channel.C_017_Unit 1,79G,Instigators,1150,1550,3.25
ER_2023-11-27_3_Channel.C_017_Unit 1,86I,Instigators,1150,1550,4.75
ER_2023-11-27_3_Channel.C_017_Unit 1,87J,Zombies,1150,1550,3.5
ER_2023-11-27_3_Channel.C_017_Unit 1,94B,Zombies,1150,1550,4.75
ER_2023-11-27_3_Channel.C_017_Unit 1,DF2I,Stranger Things,1150,1550,4.5
ER_2023-11-27_3_Channel.C_017_Unit 1,G701,Best Frans,1150,1550,3.0
ER_2023-11-27_3_Channel.C_017_Unit 1,G942,Instigators,1150,1550,3.25
ER_2023-12-07_3_Channel.C_027_Unit 1,09X,Stranger Things,600,700,6.0
ER_2023-12-07_3_Channel.C_027_Unit 1,0EX,Stranger Things,600,700,2.0
ER_2023-12-07_3_Channel.C_027_Unit 1,0FL,Stranger Things,600,700,6.0
ER_2023-12-07_3_Channel.C_027_Unit 1,101G,Best Frans,600,700,2.0
ER_2023-12-07_3_Channel.C_027_Unit 1,110E,Zombies,600,700,1.0
ER_2023-12-07_3_Channel.C_027_Unit 1,114J,Instigators,600,700,4.0
ER_2023-12-07_3_Channel.C_027_Unit 1,143H,Zombies,600,700,4.0
ER_2023-12-07_3_Channel.C_027_Unit 1,144H,Instigators,600,700,4.0
ER_2023-12-07_3_Channel.C_027_Unit 1,14F,Best Frans,600,700,3.0
ER_2023-12-07_3_Channel.C_027_Unit 1,151J,Zombies,600,700,6.0
ER_2023-12-07_3_Channel.C_027_Unit 1,167I,Instigators,600,700,5.0
ER_2023-12-07_3_Channel.C_027_Unit 1,19J,Best Frans,600,700,5.0
ER_2023-12-07_3_Channel.C_027_Unit 1,26J,Stranger Things,600,700,5.0
ER_2023-12-07_3_Channel.C_027_Unit 1,35Y,Instigators,600,700,2.0
ER_2023-12-07_3_Channel.C_027_Unit 1,36J,Stranger Things,600,700,3.0
ER_2023-12-07_3_Channel.C_027_Unit 1,37I,Stranger Things,600,700,9.0
ER_2023-12-07_3_Channel.C_027_Unit 1,40J,Stranger Things,600,700,7.0
ER_2023-12-07_3_Channel.C_027_Unit 1,42Z,Instigators,600,700,4.0
ER_2023-12-07_3_Channel.C_027_Unit 1,48Z,Instigators,600,700,3.0
ER_2023-12-07_3_Channel.C_027_Unit 1,49Y,Instigators,600,700,8.0
ER_2023-12-07_3_Channel.C_027_Unit 1,58I,Stranger Things,600,700,5.0
ER_2023-12-07_3_Channel.C_027_Unit 1,59E,Instigators,600,700,4.0
ER_2023-12-07_3_Channel.C_027_Unit 1,67G,Zombies,600,700,8.0
ER_2023-12-07_3_Channel.C_027_Unit 1,68E,Instigators,600,700,5.0
ER_2023-12-07_3_Channel.C_027_Unit 1,68F,Best Frans,600,700,5.0
ER_2023-12-07_3_Channel.C_027_Unit 1,68Y,Stranger Things,600,700,7.0
ER_2023-12-07_3_Channel.C_027_Unit 1,69X,Zombies,600,700,0.0
ER_2023-12-07_3_Channel.C_027_Unit 1,70G,Instigators,600,700,4.0
ER_2023-12-07_3_Channel.C_027_Unit 1,7124,Zombies,600,700,11.0
ER_2023-12-07_3_Channel.C_027_Unit 1,72X,Zombies,600,700,6.0
ER_2023-12-07_3_Channel.C_027_Unit 1,79G,Instigators,600,700,6.0
ER_2023-12-07_3_Channel.C_027_Unit 1,86I,Instigators,600,700,5.0
ER_2023-12-07_3_Channel.C_027_Unit 1,87J,Zombies,600,700,6.0
ER_2023-12-07_3_Channel.C_027_Unit 1,94B,Zombies,600,700,7.0
ER_2023-12-07_3_Channel.C_027_Unit 1,DF2I,Stranger Things,600,700,7.0
ER_2023-12-07_3_Channel.C_027_Unit 1,G701,Best Frans,600,700,3.0
ER_2023-12-07_3_Channel.C_027_Unit 1,G942,Instigators,600,700,5.0
ER_2023-12-11_2_Channel.C_004_Unit 2,09X,Stranger Things,100,300,1.0
ER_2023-12-11_2_Channel.C_004_Unit 2,0EX,Stranger Things,100,300,3.5
ER_2023-12-11_2_Channel.C_004_Unit 2,0FL,Stranger Things,100,300,0.5
ER_2023-12-11_2_Channel.C_004_Unit 2,101G,Best Frans,100,300,0.5
ER_2023-12-11_2_Channel.C_004_Unit 2,110E,Zombies,100,300,0.0
ER_2023-12-11_2_Channel.C_004_Unit 2,114J,Instigators,100,300,3.5
ER_2023-12-11_2_Channel.C_004_Unit 2,143H,Zombies,100,300,5.0
ER_2023-12-11_2_Channel.C_004_Unit 2,144H,Instigators,100,300,2.0
ER_2023-12-11_2_Channel.C_004_Unit 2,14F,Best Frans,100,300,3.0
ER_2023-12-11_2_Channel.C_004_Unit 2,151J,Zombies,100,300,2.5
ER_2023-12-11_2_Channel.C_004_Unit 2,167I,Instigators,100,300,3.0
ER_2023-12-11_2_Channel.C_004_Unit 2,19J,Best Frans,100,300,0.5
ER_2023-12-11_2_Channel.C_004_Unit 2,26J,Stranger Things,100,300,0.0
ER_2023-12-11_2_Channel.C_004_Unit 2,35Y,Instigators,100,300,1.0
ER_2023-12-11_2_Channel.C_004_Unit 2,36J,Stranger Things,100,300,1.0
ER_2023-12-11_2_Channel.C_004_Unit 2,37I,Stranger Things,100,300,1.0
ER_2023-12-11_2_Channel.C_004_Unit 2,40J,Stranger Things,100,300,4.0
ER_2023-12-11_2_Channel.C_004_Unit 2,42Z,Instigators,100,300,2.5
ER_2023-12-11_2_Channel.C_004_Unit 2,48Z,Instigators,100,300,4.5
ER_2023-12-11_2_Channel.C_004_Unit 2,49Y,Instigators,100,300,2.5
ER_2023-12-11_2_Channel.C_004_Unit 2,58I,Stranger Things,100,300,0.0
ER_2023-12-11_2_Channel.C_004_Unit 2,59E,Instigators,100,300,1.5
ER_2023-12-11_2_Channel.C_004_Unit 2,67G,Zombies,100,300,2.0
ER_2023-12-11_2_Channel.C_004_Unit 2,68E,Instigators,100,300,1.5
ER_2023-12-11_2_Channel.C_004_Unit 2,68F,Best Frans,100,300,2.5
ER_2023-12-11_2_Channel.C_004_Unit 2,68Y,Stranger Things,100,300,0.0
ER_2023-12-11_2_Channel.C_004_Unit 2,69X,Zombies,100,300,1.5
ER_2023-12-11_2_Channel.C_004_Unit 2,70G,Instigators,100,300,1.0
ER_2023-12-11_2_Channel.C_004_Unit 2,7124,Zombies,100,300,2.5
ER_2023-12-11_2_Channel.C_004_Unit 2,72X,Zombies,100,300,2.0
ER_2023-12-11_2_Channel.C_004_Unit 2,79G,Instigators,100,300,5.5
ER_2023-12-11_2_Channel.C_004_Unit 2,86I,Instigators,100,300,4.0
ER_2023-12-11_2_Channel.C_004_Unit 2,87J,Zombies,100,300,0.0
ER_2023-12-11_2_Channel.C_004_Unit 2,94B,Zombies,100,300,0.0
ER_2023-12-11_2_Channel.C_004_Unit 2,DF2I,Stranger Things,100,300,3.0
ER_2023-12-11_2_Channel.C_004_Unit 2,G701,Best Frans,100,300,1.5
ER_2023-12-11_2_Channel.C_004_Unit 2,G942,Instigators,100,300,4.5
ER_2023-12-18_2_Channel.C_011_Unit 1,09X,Stranger Things,100,200,9.0
ER_2023-12-18_2_Channel.C_011_Unit 1,0EX,Stranger Things,100,200,13.0
ER_2023-12-18_2_Channel.C_011_Unit 1,0FL,Stranger Things,100,200,6.0
ER_2023-12-18_2_Channel.C_011_Unit 1,101G,Best Frans,100,200,5.0
ER_2023-12-18_2_Channel.C_011_Unit 1,110E,Zombies,100,200,6.0
ER_2023-12-18_2_Channel.C_011_Unit 1,114J,Instigators,100,200,10.0
ER_2023-12-18_2_Channel.C_011_Unit 1,143H,Zombies,100,200,12.0
ER_2023-12-18_2_Channel.C_011_Unit 1,144H,Instigators,100,200,6.0
ER_2023-12-18_2_Channel.C_011_Unit 1,14F,Best Frans,100,200,2.0
ER_2023-12-18_2_Channel.C_011_Unit 1,151J,Zombies,100,200,15.0
ER_2023-12-18_2_Channel.C_011_Unit 1,167I,Instigators,100,200,14.0
ER_2023-12-18_2_Channel.C_011_Unit 1,19J,Best Frans,100,200,9.0
ER_2023-12-18_2_Channel.C_011_Unit 1,26J,Stranger Things,100,200,18.0
ER_2023-12-18_2_Channel.C_011_Unit 1,35Y,Instigators,100,200,11.0
ER_2023-12-18_2_Channel.C_011_Unit 1,36J,Stranger Things,100,200,10.0
ER_2023-12-18_2_Channel.C_011_Unit 1,37I,Stranger Things,100,200,12.0
ER_2023-12-18_2_Channel.C_011_Unit 1,40J,Stranger Things,100,200,15.0
ER_2023-12-18_2_Channel.C_011_Unit 1,42Z,Instigators,100,200,10.0
ER_2023-12-18_2_Channel.C_011_Unit 1,48Z,Instigators,100,200,10.0
ER_2023-12-18_2_Channel.C_011_Unit 1,49Y,Instigators,100,200,15.0
ER_2023-12-18_2_Channel.C_011_Unit 1,58I,Stranger Things,100,200,8.0
ER_2023-12-18_2_Channel.C_011_Unit 1,59E,Instigators,100,200,13.0
ER_2023-12-18_2_Channel.C_011_Unit 1,67G,Zombies,100,200,8.0
ER_2023-12-18_2_Channel.C_011_Unit 1,68E,Instigators,100,200,10.0
ER_2023-12-18_2_Channel.C_011_Unit 1,68F,Best Frans,100,200,10.0
ER_2023-12-18_2_Channel.C_011_Unit 1,68Y,Stranger Things,100,200,12.0
ER_2023-12-18_2_Channel.C_011_Unit 1,69X,Zombies,100,200,7.0
ER_2023-12-18_2_Channel.C_011_Unit 1,70G,Instigators,100,200,12.0
ER_2023-12-18_2_Channel.C_011_Unit 1,7124,Zombies,100,200,11.0
ER_2023-12-18_2_Channel.C_011_Unit 1,72X,Zombies,100,200,18.0
ER_2023-12-18_2_Channel.C_011_Unit 1,79G,Instigators,100,200,18.0
ER_2023-12-18_2_Channel.C_011_Unit 1,86I,Instigators,100,200,10.0
ER_2023-12-18_2_Channel.C_011_Unit 1,87J,Zombies,100,200,5.0
ER_2023-12-18_2_Channel.C_011_Unit 1,94B,Zombies,100,200,17.0
ER_2023-12-18_2_Channel.C_011_Unit 1,DF2I,Stranger Things,100,200,8.0
ER_2023-12-18_2_Channel.C_011_Unit 1,G701,Best Frans,100,200,12.0
ER_2023-12-18_2_Channel.C_011_Unit 1,G942,Instigators,100,200,10.0
Unknown_2023-11-08_2_Channel.C_017_Unit 1,09X,Stranger Things,1400,1500,5.0
Unknown_2023-11-08_2_Channel.C_017_Unit 1,0EX,Stranger Things,1400,1500,6.0
Unknown_2023-11-08_2_Channel.C_017_Unit 1,0FL,Stranger Things,1400,1500,5.0
Unknown_2023-11-08_2_Channel.C_017_Unit 1,101G,Best Frans,1400,1500,5.0
Unknown_2023-11-08_2_Channel.C_017_Unit 1,110E,Zombies,1400,1500,12.0
Unknown_2023-11-08_2_Channel.C_017_Unit 1,114J,Instigators,1400,1500,3.0
Unknown_2023-11-08_2_Channel.C_017_Unit 1,143H,Zombies,1400,1500,11.0
Unknown_2023-11-08_2_Channel.C_017_Unit 1,144H,Instigators,1400,1500,1.0
Unknown_2023-11-08_2_Channel.C_017_Unit 1,14F,Best Frans,1400,1500,8.0
Unknown_2023-11-08_2_Channel.C_017_Unit 1,151J,Zombies,1400,1500,1.0
Unknown_2023-11-08_2_Channel.C_017_Unit 1,167I,Instigators,1400,1500,6.0
Unknown_2023-11-08_2_Channel.C_017_Unit 1,19J,Best Frans,1400,1500,3.0
Unknown_2023-11-08_2_Channel.C_017_Unit 1,26J,Stranger Things,1400,1500,3.0
Unknown_2023-11-08_2_Channel.C_017_Unit 1,35Y,Instigators,1400,1500,4.0
Unknown_2023-11-08_2_Channel.C_017_Unit 1,36J,Stranger Things,1400,1500,7.0
Unknown_2023-11-08_2_Channel.C_017_Unit 1,37I,Stranger Things,1400,1500,4.0
Unknown_2023-11-08_2_Channel.C_017_Unit 1,40J,Stranger Things,1400,1500,6.0
Unknown_2023-11-08_2_Channel.C_017_Unit 1,42Z,Instigators,1400,1500,7.0
Unknown_2023-11-08_2_Channel.C_017_Unit 1,48Z,Instigators,1400,1500,11.0
Unknown_2023-11-08_2_Channel.C_017_Unit 1,49Y,Instigators,1400,1500,3.0
Unknown_2023-11-08_2_Channel.C_017_Unit 1,58I,Stranger Things,1400,1500,4.0
Unknown_2023-11-08_2_Channel.C_017_Unit 1,59E,Instigators,1400,1500,11.0
Unknown_2023-11-08_2_Channel.C_017_Unit 1,67G,Zombies,1400,1500,8.0
Unknown_2023-11-08_2_Channel.C_017_Unit 1,68E,Instigators,1400,1500,6.0
Unknown_2023-11-08_2_Channel.C_017_Unit 1,68F,Best Frans,1400,1500,6.0
Unknown_2023-11-08_2_Channel.C_017_Unit 1,68Y,Stranger Things,1400,1500,6.0
Unknown_2023-11-08_2_Channel.C_017_Unit 1,69X,Zombies,1400,1500,6.0
Unknown_2023-11-08_2_Channel.C_017_Unit 1,70G,Instigators,1400,1500,6.0
Unknown_2023-11-08_2_Channel.C_017_Unit 1,7124,Zombies,1400,1500,8.0
Unknown_2023-11-08_2_Channel.C_017_Unit 1,72X,Zombies,1400,1500,1.0
Unknown_2023-11-08_2_Channel.C_017_Unit 1,79G,Instigators,1400,1500,10.0
Unknown_2023-11-08_2_Channel.C_017_Unit 1,86I,Instigators,1400,1500,4.0
Unknown_2023-11-08_2_Channel.C_017_Unit 1,87J,Zombies,1400,1500,7.0
Unknown_2023-11-08_2_Channel.C_017_Unit 1,94B,Zombies,1400,1500,8.0
Unknown_2023-11-08_2_Channel.C_017_Unit 1,DF2I,Stranger Things,1400,1500,5.0
Unknown_2023-11-08_2_Channel.C_017_Unit 1,G701,Best Frans,1400,1500,5.0
Unknown_2023-11-08_2_Channel.C_017_Unit 1,G942,Instigators,1400,1500,5.0
