old_NeuronID,new_NeuronID
AMG_2023-09-26_1_Channel.C_008_Unit 1,AMG_2023-09-26_1_Channel.C_002_Unit 1
AMG_2023-09-26_1_Channel.C_011_Unit 1,AMG_2023-09-26_1_Channel.C_011_Unit 1
AMG_2023-09-26_1_Channel.C_019_Unit 1,AMG_2023-09-26_1_Channel.C_004_Unit 1
AMG_2023-09-26_2_Channel.C_023_Unit 1,AMG_2023-09-26_2_Channel.C_002_Unit 4
AMG_2023-09-26_2_Channel.C_013_Unit 1,AMG_2023-09-26_2_Channel.C_002_Unit 2
AMG_2023-09-26_2_Channel.C_000_Unit 1,AMG_2023-09-26_2_Channel.C_002_Unit 1
AMG_2023-09-26_2_Channel.C_014_Unit 1,AMG_2023-09-26_2_Channel.C_002_Unit 3
AMG_2023-09-26_2_Channel.C_017_Unit 1,AMG_2023-09-26_2_Channel.C_003_Unit 2
AMG_2023-09-26_2_Channel.C_018_Unit 1,AMG_2023-09-26_2_Channel.C_003_Unit 3
AMG_2023-09-26_2_Channel.C_015_Unit 1,AMG_2023-09-26_2_Channel.C_003_Unit 1
AMG_2023-09-26_2_Channel.C_000_Unit 2,AMG_2023-09-26_2_Channel.C_004_Unit 1
AMG_2023-09-26_2_Channel.C_010_Unit 1,AMG_2023-09-26_2_Channel.C_004_Unit 2
AMG_2023-09-26_2_Channel.C_008_Unit 1,AMG_2023-09-26_2_Channel.C_007_Unit 1
AMG_2023-09-26_2_Channel.C_011_Unit 1,AMG_2023-09-26_2_Channel.C_007_Unit 2
AMG_2023-09-26_2_Channel.C_005_Unit 1,AMG_2023-09-26_2_Channel.C_009_Unit 1
AMG_2023-09-26_2_Channel.C_010_Unit 2,AMG_2023-09-26_2_Channel.C_011_Unit 1
AMG_2023-09-26_2_Channel.C_002_Unit 1,AMG_2023-09-26_2_Channel.C_013_Unit 1
AMG_2023-09-26_2_Channel.C_009_Unit 1,AMG_2023-09-26_2_Channel.C_013_Unit 2
AMG_2023-09-26_2_Channel.C_022_Unit 1,AMG_2023-09-26_2_Channel.C_014_Unit 1
AMG_2023-09-26_2_Channel.C_001_Unit 1,AMG_2023-09-26_2_Channel.C_019_Unit 1
AMG_2023-09-26_2_Channel.C_021_Unit 1,AMG_2023-09-26_2_Channel.C_020_Unit 1
AMG_2023-09-26_3_Channel.C_021_Unit 1,AMG_2023-09-26_3_Channel.C_003_Unit 1
AMG_2023-09-26_3_Channel.C_005_Unit 1,AMG_2023-09-26_3_Channel.C_027_Unit 1
AMG_2023-09-26_3_Channel.C_011_Unit 1,AMG_2023-09-26_3_Channel.C_020_Unit 1
AMG_2023-09-26_3_Channel.C_004_Unit 1,AMG_2023-09-26_3_Channel.C_006_Unit 1
AMG_2023-09-26_3_Channel.C_005_Unit 2,AMG_2023-09-26_3_Channel.C_006_Unit 2
AMG_2023-09-26_3_Channel.C_010_Unit 1,AMG_2023-09-26_3_Channel.C_007_Unit 1
AMG_2023-09-26_3_Channel.C_017_Unit 1,AMG_2023-09-26_3_Channel.C_009_Unit 1
AMG_2023-09-26_3_Channel.C_006_Unit 1,AMG_2023-09-26_3_Channel.C_011_Unit 1
AMG_2023-09-26_3_Channel.C_010_Unit 2,AMG_2023-09-26_3_Channel.C_013_Unit 2
AMG_2023-09-26_3_Channel.C_005_Unit 3,AMG_2023-09-26_3_Channel.C_013_Unit 1
AMG_2023-09-29_2_Channel.C_004_Unit 1,AMG_2023-09-29_2_Channel.C_025_Unit 1
AMG_2023-09-29_2_Channel.C_010_Unit 1,AMG_2023-09-29_2_Channel.C_006_Unit 3
AMG_2023-09-29_2_Channel.C_010_Unit 2,AMG_2023-09-29_2_Channel.C_006_Unit 4
AMG_2023-09-29_2_Channel.C_019_Unit 1,AMG_2023-09-29_2_Channel.C_025_Unit 3
AMG_2023-09-29_2_Channel.C_018_Unit 1,AMG_2023-09-29_2_Channel.C_006_Unit 5
AMG_2023-09-29_2_Channel.C_008_Unit 1,AMG_2023-09-29_2_Channel.C_006_Unit 1
AMG_2023-09-29_2_Channel.C_009_Unit 1,AMG_2023-09-29_2_Channel.C_006_Unit 2
AMG_2023-09-29_2_Channel.C_011_Unit 1,AMG_2023-09-29_2_Channel.C_025_Unit 2
AMG_2023-09-29_2_Channel.C_023_Unit 1,AMG_2023-09-29_2_Channel.C_010_Unit 1
AMG_2023-09-29_3_Channel.C_019_Unit 1,AMG_2023-09-29_3_Channel.C_010_Unit 2
AMG_2023-09-29_3_Channel.C_016_Unit 1,AMG_2023-09-29_3_Channel.C_010_Unit 1
AMG_2023-09-29_3_Channel.C_017_Unit 1,AMG_2023-09-29_3_Channel.C_026_Unit 2
AMG_2023-09-29_3_Channel.C_001_Unit 1,AMG_2023-09-29_3_Channel.C_026_Unit 1
AMG_2023-09-29_3_Channel.C_001_Unit 2,AMG_2023-09-29_3_Channel.C_005_Unit 1
AMG_2023-09-29_3_Channel.C_023_Unit 1,AMG_2023-09-29_3_Channel.C_011_Unit 2
AMG_2023-09-29_3_Channel.C_016_Unit 2,AMG_2023-09-29_3_Channel.C_011_Unit 1
AMG_2023-09-29_4_Channel.C_015_Unit 1,AMG_2023-09-29_4_Channel.C_025_Unit 1
AMG_2023-09-29_4_Channel.C_003_Unit 1,AMG_2023-09-29_4_Channel.C_006_Unit 1
AMG_2023-09-29_4_Channel.C_006_Unit 1,AMG_2023-09-29_4_Channel.C_021_Unit 1
AMG_2023-09-29_4_Channel.C_016_Unit 1,AMG_2023-09-29_4_Channel.C_026_Unit 4
AMG_2023-09-29_4_Channel.C_013_Unit 1,AMG_2023-09-29_4_Channel.C_026_Unit 3
AMG_2023-09-29_4_Channel.C_010_Unit 1,AMG_2023-09-29_4_Channel.C_026_Unit 2
AMG_2023-09-29_4_Channel.C_020_Unit 1,AMG_2023-09-29_4_Channel.C_005_Unit 1
AMG_2023-09-29_4_Channel.C_004_Unit 1,AMG_2023-09-29_4_Channel.C_026_Unit 1
AMG_2023-09-29_4_Channel.C_018_Unit 1,AMG_2023-09-29_4_Channel.C_026_Unit 5
AMG_2023-09-29_4_Channel.C_018_Unit 2,AMG_2023-09-29_4_Channel.C_020_Unit 2
AMG_2023-09-29_4_Channel.C_015_Unit 2,AMG_2023-09-29_4_Channel.C_011_Unit 1
AMG_2023-09-29_4_Channel.C_017_Unit 1,AMG_2023-09-29_4_Channel.C_020_Unit 1
AMG_2023-09-29_4_Channel.C_007_Unit 1,AMG_2023-09-29_4_Channel.C_022_Unit 1
AMG_2023-09-29_4_Channel.C_021_Unit 1,AMG_2023-09-29_4_Channel.C_004_Unit 1
AMG_2023-10-03_1_Channel.C_021_Unit 1,AMG_2023-10-03_1_Channel.C_025_Unit 1
AMG_2023-10-03_1_Channel.C_013_Unit 1,AMG_2023-10-03_1_Channel.C_006_Unit 1
AMG_2023-10-03_1_Channel.C_011_Unit 1,AMG_2023-10-03_1_Channel.C_010_Unit 1
AMG_2023-10-03_1_Channel.C_015_Unit 1,AMG_2023-10-03_1_Channel.C_005_Unit 1
AMG_2023-10-03_1_Channel.C_006_Unit 1,AMG_2023-10-03_1_Channel.C_026_Unit 1
AMG_2023-10-03_1_Channel.C_000_Unit 1,AMG_2023-10-03_1_Channel.C_011_Unit 1
AMG_2023-10-03_3_Channel.C_007_Unit 1,AMG_2023-10-03_3_Channel.C_025_Unit 3
AMG_2023-10-03_3_Channel.C_014_Unit 1,AMG_2023-10-03_3_Channel.C_025_Unit 7
AMG_2023-10-03_3_Channel.C_004_Unit 1,AMG_2023-10-03_3_Channel.C_006_Unit 1
AMG_2023-10-03_3_Channel.C_009_Unit 1,AMG_2023-10-03_3_Channel.C_025_Unit 4
AMG_2023-10-03_3_Channel.C_010_Unit 1,AMG_2023-10-03_3_Channel.C_025_Unit 5
AMG_2023-10-03_3_Channel.C_013_Unit 1,AMG_2023-10-03_3_Channel.C_025_Unit 6
AMG_2023-10-03_3_Channel.C_003_Unit 1,AMG_2023-10-03_3_Channel.C_025_Unit 2
AMG_2023-10-03_3_Channel.C_001_Unit 1,AMG_2023-10-03_3_Channel.C_025_Unit 1
AMG_2023-10-03_3_Channel.C_005_Unit 1,AMG_2023-10-03_3_Channel.C_010_Unit 1
AMG_2023-10-03_3_Channel.C_018_Unit 1,AMG_2023-10-03_3_Channel.C_021_Unit 1
AMG_2023-10-03_3_Channel.C_021_Unit 1,AMG_2023-10-03_3_Channel.C_021_Unit 2
AMG_2023-10-03_3_Channel.C_020_Unit 1,AMG_2023-10-03_3_Channel.C_010_Unit 2
AMG_2023-10-03_3_Channel.C_019_Unit 1,AMG_2023-10-03_3_Channel.C_020_Unit 1
AMG_2023-10-03_3_Channel.C_012_Unit 1,AMG_2023-10-03_3_Channel.C_026_Unit 3
AMG_2023-10-03_3_Channel.C_002_Unit 1,AMG_2023-10-03_3_Channel.C_026_Unit 1
AMG_2023-10-03_3_Channel.C_002_Unit 2,AMG_2023-10-03_3_Channel.C_026_Unit 2
AMG_2023-10-03_3_Channel.C_016_Unit 1,AMG_2023-10-03_3_Channel.C_005_Unit 1
AMG_2023-10-03_3_Channel.C_006_Unit 1,AMG_2023-10-03_3_Channel.C_004_Unit 1
AMG_2023-10-03_3_Channel.C_022_Unit 1,AMG_2023-10-03_3_Channel.C_012_Unit 1
AMG_2023-10-03_4_Channel.C_013_Unit 1,AMG_2023-10-03_4_Channel.C_006_Unit 1
AMG_2023-10-03_4_Channel.C_005_Unit 1,AMG_2023-10-03_4_Channel.C_025_Unit 2
AMG_2023-10-03_4_Channel.C_014_Unit 1,AMG_2023-10-03_4_Channel.C_006_Unit 2
AMG_2023-10-03_4_Channel.C_020_Unit 1,AMG_2023-10-03_4_Channel.C_006_Unit 3
AMG_2023-10-03_4_Channel.C_004_Unit 1,AMG_2023-10-03_4_Channel.C_025_Unit 1
AMG_2023-10-03_4_Channel.C_021_Unit 1,AMG_2023-10-03_4_Channel.C_025_Unit 4
AMG_2023-10-03_4_Channel.C_019_Unit 1,AMG_2023-10-03_4_Channel.C_025_Unit 3
AMG_2023-10-03_4_Channel.C_005_Unit 2,AMG_2023-10-03_4_Channel.C_021_Unit 1
AMG_2023-10-03_4_Channel.C_016_Unit 1,AMG_2023-10-03_4_Channel.C_010_Unit 2
AMG_2023-10-03_4_Channel.C_018_Unit 1,AMG_2023-10-03_4_Channel.C_010_Unit 3
AMG_2023-10-03_4_Channel.C_002_Unit 1,AMG_2023-10-03_4_Channel.C_010_Unit 1
AMG_2023-10-03_4_Channel.C_010_Unit 1,AMG_2023-10-03_4_Channel.C_026_Unit 1
AMG_2023-10-03_4_Channel.C_012_Unit 1,AMG_2023-10-03_4_Channel.C_005_Unit 1
AMG_2023-10-03_4_Channel.C_013_Unit 2,AMG_2023-10-03_4_Channel.C_005_Unit 2
AMG_2023-10-04_1_Channel.C_008_Unit 1,AMG_2023-10-04_1_Channel.C_025_Unit 3
AMG_2023-10-04_1_Channel.C_018_Unit 1,AMG_2023-10-04_1_Channel.C_025_Unit 5
AMG_2023-10-04_1_Channel.C_003_Unit 1,AMG_2023-10-04_1_Channel.C_006_Unit 1
AMG_2023-10-04_1_Channel.C_007_Unit 1,AMG_2023-10-04_1_Channel.C_025_Unit 2
AMG_2023-10-04_1_Channel.C_002_Unit 1,AMG_2023-10-04_1_Channel.C_025_Unit 1
AMG_2023-10-04_1_Channel.C_013_Unit 1,AMG_2023-10-04_1_Channel.C_025_Unit 4
AMG_2023-10-04_1_Channel.C_014_Unit 1,AMG_2023-10-04_1_Channel.C_021_Unit 1
AMG_2023-10-04_1_Channel.C_004_Unit 1,AMG_2023-10-04_1_Channel.C_005_Unit 1
AMG_2023-10-04_1_Channel.C_003_Unit 2,AMG_2023-10-04_1_Channel.C_026_Unit 1
AMG_2023-10-04_1_Channel.C_017_Unit 1,AMG_2023-10-04_1_Channel.C_026_Unit 2
AMG_2023-10-04_1_Channel.C_012_Unit 1,AMG_2023-10-04_1_Channel.C_020_Unit 1
AMG_2023-10-04_1_Channel.C_012_Unit 2,AMG_2023-10-04_1_Channel.C_022_Unit 1
AMG_2023-10-04_1_Channel.C_017_Unit 2,AMG_2023-10-04_1_Channel.C_009_Unit 1
AMG_2023-10-04_2_Channel.C_018_Unit 1,AMG_2023-10-04_2_Channel.C_025_Unit 3
AMG_2023-10-04_2_Channel.C_008_Unit 1,AMG_2023-10-04_2_Channel.C_025_Unit 2
AMG_2023-10-04_2_Channel.C_001_Unit 1,AMG_2023-10-04_2_Channel.C_025_Unit 1
AMG_2023-10-04_2_Channel.C_006_Unit 1,AMG_2023-10-04_2_Channel.C_006_Unit 1
AMG_2023-10-04_2_Channel.C_006_Unit 2,AMG_2023-10-04_2_Channel.C_010_Unit 2
AMG_2023-10-04_2_Channel.C_012_Unit 1,AMG_2023-10-04_2_Channel.C_010_Unit 4
AMG_2023-10-04_2_Channel.C_014_Unit 1,AMG_2023-10-04_2_Channel.C_021_Unit 2
AMG_2023-10-04_2_Channel.C_022_Unit 1,AMG_2023-10-04_2_Channel.C_021_Unit 3
AMG_2023-10-04_2_Channel.C_012_Unit 2,AMG_2023-10-04_2_Channel.C_021_Unit 1
AMG_2023-10-04_2_Channel.C_002_Unit 1,AMG_2023-10-04_2_Channel.C_010_Unit 1
AMG_2023-10-04_2_Channel.C_009_Unit 1,AMG_2023-10-04_2_Channel.C_026_Unit 1
AMG_2023-10-04_2_Channel.C_010_Unit 1,AMG_2023-10-04_2_Channel.C_010_Unit 3
AMG_2023-10-04_2_Channel.C_011_Unit 1,AMG_2023-10-04_2_Channel.C_005_Unit 1
AMG_2023-10-04_2_Channel.C_013_Unit 1,AMG_2023-10-04_2_Channel.C_005_Unit 2
AMG_2023-10-04_2_Channel.C_007_Unit 1,AMG_2023-10-04_2_Channel.C_020_Unit 1
AMG_2023-10-04_2_Channel.C_015_Unit 1,AMG_2023-10-04_2_Channel.C_020_Unit 2
AMG_2023-10-04_2_Channel.C_005_Unit 1,AMG_2023-10-04_2_Channel.C_011_Unit 1
AMG_2023-10-04_2_Channel.C_016_Unit 1,AMG_2023-10-04_2_Channel.C_009_Unit 1
AMG_2023-10-04_3_Channel.C_015_Unit 1,AMG_2023-10-04_3_Channel.C_025_Unit 3
AMG_2023-10-04_3_Channel.C_007_Unit 1,AMG_2023-10-04_3_Channel.C_006_Unit 1
AMG_2023-10-04_3_Channel.C_018_Unit 1,AMG_2023-10-04_3_Channel.C_025_Unit 4
AMG_2023-10-04_3_Channel.C_002_Unit 1,AMG_2023-10-04_3_Channel.C_025_Unit 1
AMG_2023-10-04_3_Channel.C_013_Unit 1,AMG_2023-10-04_3_Channel.C_025_Unit 2
AMG_2023-10-04_3_Channel.C_009_Unit 1,AMG_2023-10-04_3_Channel.C_006_Unit 2
AMG_2023-10-04_3_Channel.C_022_Unit 1,AMG_2023-10-04_3_Channel.C_021_Unit 2
AMG_2023-10-04_3_Channel.C_020_Unit 1,AMG_2023-10-04_3_Channel.C_010_Unit 1
AMG_2023-10-04_3_Channel.C_000_Unit 1,AMG_2023-10-04_3_Channel.C_021_Unit 1
AMG_2023-10-04_3_Channel.C_012_Unit 1,AMG_2023-10-04_3_Channel.C_005_Unit 2
AMG_2023-10-04_3_Channel.C_001_Unit 1,AMG_2023-10-04_3_Channel.C_026_Unit 1
AMG_2023-10-04_3_Channel.C_003_Unit 1,AMG_2023-10-04_3_Channel.C_005_Unit 1
AMG_2023-10-04_3_Channel.C_017_Unit 1,AMG_2023-10-04_3_Channel.C_005_Unit 3
AMG_2023-10-04_3_Channel.C_004_Unit 1,AMG_2023-10-04_3_Channel.C_011_Unit 1
AMG_2023-10-04_3_Channel.C_008_Unit 1,AMG_2023-10-04_3_Channel.C_020_Unit 1
AMG_2023-10-04_3_Channel.C_014_Unit 1,AMG_2023-10-04_3_Channel.C_011_Unit 2
AMG_2023-10-04_3_Channel.C_001_Unit 2,AMG_2023-10-04_3_Channel.C_009_Unit 1
AMG_2023-10-04_4_Channel.C_004_Unit 1,AMG_2023-10-04_4_Channel.C_006_Unit 1
AMG_2023-10-04_4_Channel.C_008_Unit 1,AMG_2023-10-04_4_Channel.C_006_Unit 2
AMG_2023-10-04_4_Channel.C_003_Unit 1,AMG_2023-10-04_4_Channel.C_025_Unit 1
AMG_2023-10-04_4_Channel.C_009_Unit 1,AMG_2023-10-04_4_Channel.C_025_Unit 2
AMG_2023-10-04_4_Channel.C_016_Unit 1,AMG_2023-10-04_4_Channel.C_025_Unit 4
AMG_2023-10-04_4_Channel.C_018_Unit 1,AMG_2023-10-04_4_Channel.C_025_Unit 5
AMG_2023-10-04_4_Channel.C_015_Unit 1,AMG_2023-10-04_4_Channel.C_025_Unit 3
AMG_2023-10-04_4_Channel.C_017_Unit 1,AMG_2023-10-04_4_Channel.C_006_Unit 3
AMG_2023-10-04_4_Channel.C_018_Unit 2,AMG_2023-10-04_4_Channel.C_021_Unit 4
AMG_2023-10-04_4_Channel.C_012_Unit 1,AMG_2023-10-04_4_Channel.C_021_Unit 2
AMG_2023-10-04_4_Channel.C_005_Unit 1,AMG_2023-10-04_4_Channel.C_010_Unit 2
AMG_2023-10-04_4_Channel.C_017_Unit 2,AMG_2023-10-04_4_Channel.C_021_Unit 3
AMG_2023-10-04_4_Channel.C_001_Unit 1,AMG_2023-10-04_4_Channel.C_021_Unit 1
AMG_2023-10-04_4_Channel.C_015_Unit 2,AMG_2023-10-04_4_Channel.C_010_Unit 3
AMG_2023-10-04_4_Channel.C_021_Unit 1,AMG_2023-10-04_4_Channel.C_010_Unit 5
AMG_2023-10-04_4_Channel.C_020_Unit 1,AMG_2023-10-04_4_Channel.C_010_Unit 4
AMG_2023-10-04_4_Channel.C_022_Unit 1,AMG_2023-10-04_4_Channel.C_021_Unit 5
AMG_2023-10-04_4_Channel.C_000_Unit 1,AMG_2023-10-04_4_Channel.C_010_Unit 1
AMG_2023-10-04_4_Channel.C_010_Unit 1,AMG_2023-10-04_4_Channel.C_026_Unit 3
AMG_2023-10-04_4_Channel.C_001_Unit 2,AMG_2023-10-04_4_Channel.C_026_Unit 1
AMG_2023-10-04_4_Channel.C_003_Unit 2,AMG_2023-10-04_4_Channel.C_026_Unit 2
AMG_2023-10-04_4_Channel.C_013_Unit 1,AMG_2023-10-04_4_Channel.C_026_Unit 4
AMG_2023-10-04_4_Channel.C_002_Unit 1,AMG_2023-10-04_4_Channel.C_005_Unit 1
AMG_2023-10-04_4_Channel.C_005_Unit 2,AMG_2023-10-04_4_Channel.C_020_Unit 1
AMG_2023-10-04_4_Channel.C_007_Unit 1,AMG_2023-10-04_4_Channel.C_011_Unit 1
AMG_2023-10-04_4_Channel.C_010_Unit 2,AMG_2023-10-04_4_Channel.C_022_Unit 1
AMG_2023-10-05_1_Channel.C_009_Unit 1,AMG_2023-10-05_1_Channel.C_025_Unit 1
AMG_2023-10-05_1_Channel.C_020_Unit 1,AMG_2023-10-05_1_Channel.C_006_Unit 3
AMG_2023-10-05_1_Channel.C_000_Unit 1,AMG_2023-10-05_1_Channel.C_006_Unit 1
AMG_2023-10-05_1_Channel.C_002_Unit 1,AMG_2023-10-05_1_Channel.C_021_Unit 1
AMG_2023-10-05_1_Channel.C_021_Unit 1,AMG_2023-10-05_1_Channel.C_010_Unit 2
AMG_2023-10-05_1_Channel.C_017_Unit 1,AMG_2023-10-05_1_Channel.C_006_Unit 2
AMG_2023-10-05_1_Channel.C_010_Unit 1,AMG_2023-10-05_1_Channel.C_010_Unit 1
AMG_2023-10-05_1_Channel.C_016_Unit 1,AMG_2023-10-05_1_Channel.C_005_Unit 2
AMG_2023-10-05_1_Channel.C_008_Unit 1,AMG_2023-10-05_1_Channel.C_026_Unit 1
AMG_2023-10-05_1_Channel.C_012_Unit 1,AMG_2023-10-05_1_Channel.C_026_Unit 2
AMG_2023-10-05_1_Channel.C_001_Unit 1,AMG_2023-10-05_1_Channel.C_011_Unit 1
AMG_2023-10-05_1_Channel.C_018_Unit 1,AMG_2023-10-05_1_Channel.C_011_Unit 2
AMG_2023-10-05_1_Channel.C_003_Unit 1,AMG_2023-10-05_1_Channel.C_005_Unit 1
AMG_2023-10-05_1_Channel.C_008_Unit 2,AMG_2023-10-05_1_Channel.C_004_Unit 1
AMG_2023-10-05_2_Channel.C_001_Unit 1,AMG_2023-10-05_2_Channel.C_025_Unit 1
AMG_2023-10-05_2_Channel.C_006_Unit 1,AMG_2023-10-05_2_Channel.C_006_Unit 1
AMG_2023-10-05_2_Channel.C_020_Unit 1,AMG_2023-10-05_2_Channel.C_010_Unit 3
AMG_2023-10-05_2_Channel.C_014_Unit 1,AMG_2023-10-05_2_Channel.C_010_Unit 2
AMG_2023-10-05_2_Channel.C_013_Unit 1,AMG_2023-10-05_2_Channel.C_010_Unit 1
AMG_2023-10-05_2_Channel.C_023_Unit 1,AMG_2023-10-05_2_Channel.C_005_Unit 2
AMG_2023-10-05_2_Channel.C_007_Unit 1,AMG_2023-10-05_2_Channel.C_026_Unit 1
AMG_2023-10-05_2_Channel.C_005_Unit 1,AMG_2023-10-05_2_Channel.C_005_Unit 1
AMG_2023-10-05_2_Channel.C_000_Unit 1,AMG_2023-10-05_2_Channel.C_011_Unit 1
AMG_2023-10-05_2_Channel.C_017_Unit 1,AMG_2023-10-05_2_Channel.C_020_Unit 3
AMG_2023-10-05_2_Channel.C_006_Unit 2,AMG_2023-10-05_2_Channel.C_011_Unit 2
AMG_2023-10-05_2_Channel.C_015_Unit 1,AMG_2023-10-05_2_Channel.C_020_Unit 1
AMG_2023-10-05_2_Channel.C_015_Unit 2,AMG_2023-10-05_2_Channel.C_020_Unit 2
AMG_2023-10-05_2_Channel.C_015_Unit 3,AMG_2023-10-05_2_Channel.C_022_Unit 1
AMG_2023-10-05_2_Channel.C_017_Unit 2,AMG_2023-10-05_2_Channel.C_022_Unit 2
AMG_2023-10-05_2_Channel.C_012_Unit 1,AMG_2023-10-05_2_Channel.C_009_Unit 1
AMG_2023-10-05_2_Channel.C_000_Unit 2,AMG_2023-10-05_2_Channel.C_027_Unit 1
AMG_2023-10-05_2_Channel.C_021_Unit 1,AMG_2023-10-05_2_Channel.C_004_Unit 1
AMG_2023-10-05_2_Channel.C_023_Unit 2,AMG_2023-10-05_2_Channel.C_004_Unit 2
AMG_2023-10-09_3_Channel.C_021_Unit 1,AMG_2023-10-09_3_Channel.C_025_Unit 4
AMG_2023-10-09_3_Channel.C_006_Unit 1,AMG_2023-10-09_3_Channel.C_025_Unit 2
AMG_2023-10-09_3_Channel.C_005_Unit 1,AMG_2023-10-09_3_Channel.C_006_Unit 1
AMG_2023-10-09_3_Channel.C_010_Unit 1,AMG_2023-10-09_3_Channel.C_025_Unit 3
AMG_2023-10-09_3_Channel.C_001_Unit 1,AMG_2023-10-09_3_Channel.C_025_Unit 1
AMG_2023-10-09_3_Channel.C_021_Unit 2,AMG_2023-10-09_3_Channel.C_006_Unit 3
AMG_2023-10-09_3_Channel.C_018_Unit 1,AMG_2023-10-09_3_Channel.C_006_Unit 2
AMG_2023-10-09_3_Channel.C_008_Unit 1,AMG_2023-10-09_3_Channel.C_010_Unit 1
AMG_2023-10-09_3_Channel.C_002_Unit 1,AMG_2023-10-09_3_Channel.C_021_Unit 1
AMG_2023-10-09_3_Channel.C_017_Unit 1,AMG_2023-10-09_3_Channel.C_005_Unit 1
AMG_2023-10-09_3_Channel.C_015_Unit 1,AMG_2023-10-09_3_Channel.C_020_Unit 1
AMG_2023-10-10_2_Channel.C_019_Unit 1,AMG_2023-10-10_2_Channel.C_025_Unit 5
AMG_2023-10-10_2_Channel.C_015_Unit 1,AMG_2023-10-10_2_Channel.C_006_Unit 2
AMG_2023-10-10_2_Channel.C_004_Unit 1,AMG_2023-10-10_2_Channel.C_006_Unit 1
AMG_2023-10-10_2_Channel.C_010_Unit 1,AMG_2023-10-10_2_Channel.C_025_Unit 2
AMG_2023-10-10_2_Channel.C_018_Unit 1,AMG_2023-10-10_2_Channel.C_006_Unit 4
AMG_2023-10-10_2_Channel.C_006_Unit 1,AMG_2023-10-10_2_Channel.C_025_Unit 1
AMG_2023-10-10_2_Channel.C_017_Unit 1,AMG_2023-10-10_2_Channel.C_025_Unit 4
AMG_2023-10-10_2_Channel.C_012_Unit 1,AMG_2023-10-10_2_Channel.C_025_Unit 3
AMG_2023-10-10_2_Channel.C_016_Unit 1,AMG_2023-10-10_2_Channel.C_006_Unit 3
AMG_2023-10-10_2_Channel.C_001_Unit 1,AMG_2023-10-10_2_Channel.C_021_Unit 1
AMG_2023-10-10_2_Channel.C_007_Unit 1,AMG_2023-10-10_2_Channel.C_010_Unit 1
AMG_2023-10-10_2_Channel.C_005_Unit 1,AMG_2023-10-10_2_Channel.C_021_Unit 2
AMG_2023-10-10_2_Channel.C_002_Unit 1,AMG_2023-10-10_2_Channel.C_005_Unit 1
AMG_2023-10-10_2_Channel.C_011_Unit 1,AMG_2023-10-10_2_Channel.C_026_Unit 1
AMG_2023-10-10_2_Channel.C_003_Unit 1,AMG_2023-10-10_2_Channel.C_005_Unit 2
AMG_2023-10-10_3_Channel.C_013_Unit 1,AMG_2023-10-10_3_Channel.C_025_Unit 2
AMG_2023-10-10_3_Channel.C_004_Unit 1,AMG_2023-10-10_3_Channel.C_025_Unit 1
AMG_2023-10-10_3_Channel.C_006_Unit 1,AMG_2023-10-10_3_Channel.C_006_Unit 1
AMG_2023-10-10_3_Channel.C_017_Unit 1,AMG_2023-10-10_3_Channel.C_006_Unit 2
AMG_2023-10-10_3_Channel.C_010_Unit 1,AMG_2023-10-10_3_Channel.C_010_Unit 1
AMG_2023-10-10_3_Channel.C_022_Unit 1,AMG_2023-10-10_3_Channel.C_010_Unit 2
AMG_2023-10-10_3_Channel.C_016_Unit 1,AMG_2023-10-10_3_Channel.C_026_Unit 1
AMG_2023-10-10_3_Channel.C_001_Unit 1,AMG_2023-10-10_3_Channel.C_005_Unit 1
AMG_2023-10-10_3_Channel.C_006_Unit 2,AMG_2023-10-10_3_Channel.C_020_Unit 1
AMG_2023-10-10_3_Channel.C_008_Unit 1,AMG_2023-10-10_3_Channel.C_020_Unit 2
AMG_2023-10-10_3_Channel.C_015_Unit 1,AMG_2023-10-10_3_Channel.C_009_Unit 1
AMG_2023-10-11_1_Channel.C_015_Unit 1,AMG_2023-10-11_1_Channel.C_006_Unit 2
AMG_2023-10-11_1_Channel.C_000_Unit 1,AMG_2023-10-11_1_Channel.C_006_Unit 1
AMG_2023-10-11_1_Channel.C_011_Unit 1,AMG_2023-10-11_1_Channel.C_025_Unit 1
AMG_2023-10-11_1_Channel.C_014_Unit 1,AMG_2023-10-11_1_Channel.C_010_Unit 2
AMG_2023-10-11_1_Channel.C_005_Unit 1,AMG_2023-10-11_1_Channel.C_021_Unit 1
AMG_2023-10-11_1_Channel.C_001_Unit 1,AMG_2023-10-11_1_Channel.C_010_Unit 1
AMG_2023-10-11_1_Channel.C_022_Unit 1,AMG_2023-10-11_1_Channel.C_020_Unit 1
AMG_2023-10-11_1_Channel.C_014_Unit 2,AMG_2023-10-11_1_Channel.C_009_Unit 1
AMG_2023-10-11_2_Channel.C_001_Unit 1,AMG_2023-10-11_2_Channel.C_006_Unit 1
AMG_2023-10-11_2_Channel.C_012_Unit 1,AMG_2023-10-11_2_Channel.C_021_Unit 1
AMG_2023-10-11_2_Channel.C_014_Unit 1,AMG_2023-10-11_2_Channel.C_021_Unit 2
AMG_2023-10-11_2_Channel.C_013_Unit 1,AMG_2023-10-11_2_Channel.C_010_Unit 2
AMG_2023-10-11_2_Channel.C_010_Unit 1,AMG_2023-10-11_2_Channel.C_010_Unit 1
AMG_2023-10-11_2_Channel.C_016_Unit 1,AMG_2023-10-11_2_Channel.C_021_Unit 3
AMG_2023-10-11_2_Channel.C_013_Unit 2,AMG_2023-10-11_2_Channel.C_005_Unit 2
AMG_2023-10-11_2_Channel.C_017_Unit 1,AMG_2023-10-11_2_Channel.C_005_Unit 3
AMG_2023-10-11_2_Channel.C_010_Unit 2,AMG_2023-10-11_2_Channel.C_005_Unit 1
AMG_2023-10-11_3_Channel.C_010_Unit 1,AMG_2023-10-11_3_Channel.C_021_Unit 1
AMG_2023-10-11_3_Channel.C_005_Unit 1,AMG_2023-10-11_3_Channel.C_010_Unit 1
AMG_2023-10-11_3_Channel.C_016_Unit 1,AMG_2023-10-11_3_Channel.C_026_Unit 1
AMG_2023-10-11_3_Channel.C_004_Unit 1,AMG_2023-10-11_3_Channel.C_020_Unit 1
AMG_2023-10-11_3_Channel.C_022_Unit 1,AMG_2023-10-11_3_Channel.C_005_Unit 1
AMG_2023-10-11_3_Channel.C_007_Unit 1,AMG_2023-10-11_3_Channel.C_020_Unit 2
ER_2023-10-24_2_Channel.C_006_Unit 1,ER_2023-10-24_2_Channel.C_018_Unit 1
ER_2023-10-24_2_Channel.C_002_Unit 1,ER_2023-10-24_2_Channel.C_002_Unit 1
ER_2023-10-24_2_Channel.C_008_Unit 1,ER_2023-10-24_2_Channel.C_002_Unit 2
ER_2023-10-27_3_Channel.C_014_Unit 1,ER_2023-10-27_3_Channel.C_025_Unit 3
ER_2023-10-27_3_Channel.C_003_Unit 1,ER_2023-10-27_3_Channel.C_025_Unit 1
ER_2023-10-27_3_Channel.C_009_Unit 1,ER_2023-10-27_3_Channel.C_021_Unit 1
ER_2023-10-27_3_Channel.C_001_Unit 1,ER_2023-10-27_3_Channel.C_026_Unit 1
ER_2023-10-27_3_Channel.C_010_Unit 1,ER_2023-10-27_3_Channel.C_026_Unit 2
ER_2023-10-27_3_Channel.C_016_Unit 1,ER_2023-10-27_3_Channel.C_026_Unit 3
ER_2023-10-27_3_Channel.C_019_Unit 1,ER_2023-10-27_3_Channel.C_020_Unit 2
ER_2023-10-27_3_Channel.C_001_Unit 2,ER_2023-10-27_3_Channel.C_020_Unit 1
ER_2023-10-27_3_Channel.C_016_Unit 2,ER_2023-10-27_3_Channel.C_009_Unit 1
ER_2023-10-27_3_Channel.C_020_Unit 1,ER_2023-10-27_3_Channel.C_004_Unit 1
ER_2023-10-27_3_Channel.C_007_Unit 1,ER_2023-10-27_3_Channel.C_025_Unit 2
ER_2023-10-27_3_Channel.C_013_Unit 1,ER_2023-10-27_3_Channel.C_013_Unit 1
ER_2023-10-27_4_Channel.C_019_Unit 1,ER_2023-10-27_4_Channel.C_025_Unit 2
ER_2023-10-27_4_Channel.C_012_Unit 1,ER_2023-10-27_4_Channel.C_025_Unit 1
ER_2023-10-27_4_Channel.C_008_Unit 1,ER_2023-10-27_4_Channel.C_021_Unit 1
ER_2023-10-27_4_Channel.C_010_Unit 1,ER_2023-10-27_4_Channel.C_021_Unit 2
ER_2023-10-27_4_Channel.C_001_Unit 1,ER_2023-10-27_4_Channel.C_026_Unit 2
ER_2023-10-27_4_Channel.C_004_Unit 1,ER_2023-10-27_4_Channel.C_026_Unit 3
ER_2023-10-27_4_Channel.C_000_Unit 1,ER_2023-10-27_4_Channel.C_026_Unit 1
ER_2023-10-27_4_Channel.C_002_Unit 1,ER_2023-10-27_4_Channel.C_020_Unit 1
ER_2023-10-27_4_Channel.C_009_Unit 1,ER_2023-10-27_4_Channel.C_011_Unit 1
ER_2023-10-27_4_Channel.C_014_Unit 1,ER_2023-10-27_4_Channel.C_011_Unit 2
ER_2023-10-27_4_Channel.C_020_Unit 1,ER_2023-10-27_4_Channel.C_020_Unit 3
ER_2023-10-27_4_Channel.C_016_Unit 1,ER_2023-10-27_4_Channel.C_020_Unit 2
ER_2023-10-27_4_Channel.C_013_Unit 1,ER_2023-10-27_4_Channel.C_009_Unit 1
ER_2023-10-27_4_Channel.C_011_Unit 1,ER_2023-10-27_4_Channel.C_004_Unit 1
ER_2023-10-27_4_Channel.C_011_Unit 2,ER_2023-10-27_4_Channel.C_007_Unit 1
ER_2023-10-27_4_Channel.C_003_Unit 1,ER_2023-10-27_4_Channel.C_013_Unit 1
ER_2023-10-30_1_Channel.C_001_Unit 1,ER_2023-10-30_1_Channel.C_006_Unit 1
ER_2023-10-30_1_Channel.C_008_Unit 1,ER_2023-10-30_1_Channel.C_005_Unit 1
ER_2023-10-30_2_Channel.C_011_Unit 1,ER_2023-10-30_2_Channel.C_025_Unit 1
ER_2023-10-30_2_Channel.C_009_Unit 1,ER_2023-10-30_2_Channel.C_002_Unit 1
ER_2023-10-30_2_Channel.C_001_Unit 1,ER_2023-10-30_2_Channel.C_017_Unit 1
ER_2023-10-30_2_Channel.C_002_Unit 1,ER_2023-10-30_2_Channel.C_000_Unit 1
Unknown_2023-10-31_1_Channel.C_020_Unit 1,Unknown_2023-10-31_1_Channel.C_010_Unit 1
Unknown_2023-10-31_1_Channel.C_004_Unit 1,Unknown_2023-10-31_1_Channel.C_021_Unit 1
Unknown_2023-10-31_1_Channel.C_008_Unit 1,Unknown_2023-10-31_1_Channel.C_026_Unit 2
Unknown_2023-10-31_1_Channel.C_001_Unit 1,Unknown_2023-10-31_1_Channel.C_026_Unit 1
Unknown_2023-10-31_1_Channel.C_003_Unit 1,Unknown_2023-10-31_1_Channel.C_005_Unit 1
Unknown_2023-10-31_1_Channel.C_025_Unit 1,Unknown_2023-10-31_1_Channel.C_011_Unit 1
Unknown_2023-10-31_1_Channel.C_020_Unit 2,Unknown_2023-10-31_1_Channel.C_027_Unit 1
Unknown_2023-10-31_1_Channel.C_015_Unit 1,Unknown_2023-10-31_1_Channel.C_004_Unit 1
Unknown_2023-10-31_1_Channel.C_002_Unit 1,Unknown_2023-10-31_1_Channel.C_012_Unit 1
Unknown_2023-10-31_1_Channel.C_028_Unit 1,Unknown_2023-10-31_1_Channel.C_007_Unit 1
Unknown_2023-10-31_2_Channel.C_006_Unit 1,Unknown_2023-10-31_2_Channel.C_025_Unit 1
Unknown_2023-10-31_2_Channel.C_015_Unit 1,Unknown_2023-10-31_2_Channel.C_025_Unit 3
Unknown_2023-10-31_2_Channel.C_025_Unit 1,Unknown_2023-10-31_2_Channel.C_025_Unit 4
Unknown_2023-10-31_2_Channel.C_026_Unit 1,Unknown_2023-10-31_2_Channel.C_025_Unit 5
Unknown_2023-10-31_2_Channel.C_011_Unit 1,Unknown_2023-10-31_2_Channel.C_025_Unit 2
Unknown_2023-10-31_2_Channel.C_009_Unit 1,Unknown_2023-10-31_2_Channel.C_010_Unit 1
Unknown_2023-10-31_2_Channel.C_020_Unit 1,Unknown_2023-10-31_2_Channel.C_021_Unit 1
Unknown_2023-10-31_2_Channel.C_022_Unit 1,Unknown_2023-10-31_2_Channel.C_006_Unit 1
Unknown_2023-10-31_2_Channel.C_027_Unit 1,Unknown_2023-10-31_2_Channel.C_010_Unit 2
Unknown_2023-10-31_2_Channel.C_009_Unit 2,Unknown_2023-10-31_2_Channel.C_026_Unit 2
Unknown_2023-10-31_2_Channel.C_018_Unit 1,Unknown_2023-10-31_2_Channel.C_026_Unit 3
Unknown_2023-10-31_2_Channel.C_005_Unit 1,Unknown_2023-10-31_2_Channel.C_026_Unit 1
Unknown_2023-10-31_2_Channel.C_021_Unit 1,Unknown_2023-10-31_2_Channel.C_026_Unit 4
Unknown_2023-10-31_2_Channel.C_014_Unit 1,Unknown_2023-10-31_2_Channel.C_005_Unit 1
Unknown_2023-10-31_2_Channel.C_008_Unit 1,Unknown_2023-10-31_2_Channel.C_011_Unit 1
Unknown_2023-10-31_2_Channel.C_027_Unit 2,Unknown_2023-10-31_2_Channel.C_020_Unit 2
Unknown_2023-10-31_2_Channel.C_016_Unit 1,Unknown_2023-10-31_2_Channel.C_020_Unit 1
Unknown_2023-10-31_2_Channel.C_024_Unit 1,Unknown_2023-10-31_2_Channel.C_011_Unit 2
Unknown_2023-10-31_2_Channel.C_031_Unit 1,Unknown_2023-10-31_2_Channel.C_022_Unit 1
Unknown_2023-10-31_3_Channel.C_006_Unit 1,Unknown_2023-10-31_3_Channel.C_025_Unit 1
Unknown_2023-10-31_3_Channel.C_026_Unit 1,Unknown_2023-10-31_3_Channel.C_006_Unit 1
Unknown_2023-10-31_3_Channel.C_010_Unit 1,Unknown_2023-10-31_3_Channel.C_010_Unit 1
Unknown_2023-10-31_3_Channel.C_020_Unit 1,Unknown_2023-10-31_3_Channel.C_031_Unit 1
Unknown_2023-10-31_3_Channel.C_013_Unit 1,Unknown_2023-10-31_3_Channel.C_010_Unit 2
Unknown_2023-10-31_3_Channel.C_008_Unit 1,Unknown_2023-10-31_3_Channel.C_026_Unit 1
Unknown_2023-10-31_3_Channel.C_010_Unit 2,Unknown_2023-10-31_3_Channel.C_005_Unit 2
Unknown_2023-10-31_3_Channel.C_003_Unit 1,Unknown_2023-10-31_3_Channel.C_005_Unit 1
Unknown_2023-10-31_3_Channel.C_018_Unit 1,Unknown_2023-10-31_3_Channel.C_005_Unit 3
Unknown_2023-10-31_3_Channel.C_001_Unit 1,Unknown_2023-10-31_3_Channel.C_020_Unit 1
Unknown_2023-11-08_1_Channel.C_007_Unit 1,Unknown_2023-11-08_1_Channel.C_021_Unit 1
Unknown_2023-11-08_1_Channel.C_020_Unit 1,Unknown_2023-11-08_1_Channel.C_010_Unit 2
Unknown_2023-11-08_1_Channel.C_015_Unit 1,Unknown_2023-11-08_1_Channel.C_010_Unit 1
Unknown_2023-11-08_1_Channel.C_019_Unit 1,Unknown_2023-11-08_1_Channel.C_021_Unit 2
Unknown_2023-11-08_1_Channel.C_015_Unit 2,Unknown_2023-11-08_1_Channel.C_005_Unit 1
Unknown_2023-11-08_1_Channel.C_020_Unit 2,Unknown_2023-11-08_1_Channel.C_005_Unit 2
Unknown_2023-11-08_1_Channel.C_015_Unit 3,Unknown_2023-11-08_1_Channel.C_009_Unit 1
Unknown_2023-11-08_1_Channel.C_016_Unit 1,Unknown_2023-11-08_1_Channel.C_009_Unit 2
Unknown_2023-11-08_1_Channel.C_021_Unit 1,Unknown_2023-11-08_1_Channel.C_004_Unit 2
Unknown_2023-11-08_1_Channel.C_005_Unit 1,Unknown_2023-11-08_1_Channel.C_004_Unit 1
Unknown_2023-11-08_1_Channel.C_022_Unit 1,Unknown_2023-11-08_1_Channel.C_027_Unit 1
Unknown_2023-11-08_2_Channel.C_019_Unit 1,Unknown_2023-11-08_2_Channel.C_021_Unit 2
Unknown_2023-11-08_2_Channel.C_006_Unit 1,Unknown_2023-11-08_2_Channel.C_021_Unit 1
Unknown_2023-11-08_2_Channel.C_014_Unit 1,Unknown_2023-11-08_2_Channel.C_010_Unit 1
Unknown_2023-11-08_2_Channel.C_019_Unit 2,Unknown_2023-11-08_2_Channel.C_021_Unit 3
Unknown_2023-11-08_2_Channel.C_005_Unit 1,Unknown_2023-11-08_2_Channel.C_005_Unit 1
Unknown_2023-11-08_2_Channel.C_001_Unit 1,Unknown_2023-11-08_2_Channel.C_011_Unit 1
Unknown_2023-11-08_2_Channel.C_011_Unit 1,Unknown_2023-11-08_2_Channel.C_011_Unit 2
Unknown_2023-11-08_2_Channel.C_017_Unit 1,Unknown_2023-11-08_2_Channel.C_004_Unit 1
Unknown_2023-11-08_2_Channel.C_016_Unit 1,Unknown_2023-11-08_2_Channel.C_027_Unit 2
Unknown_2023-11-08_2_Channel.C_007_Unit 1,Unknown_2023-11-08_2_Channel.C_027_Unit 1
Unknown_2023-11-08_2_Channel.C_006_Unit 2,Unknown_2023-11-08_2_Channel.C_019_Unit 1
Unknown_2023-11-08_2_Channel.C_009_Unit 1,Unknown_2023-11-08_2_Channel.C_019_Unit 2
Unknown_2023-11-08_2_Channel.C_020_Unit 1,Unknown_2023-11-08_2_Channel.C_007_Unit 1
Unknown_2023-11-08_2_Channel.C_003_Unit 1,Unknown_2023-11-08_2_Channel.C_024_Unit 1
Unknown_2023-11-08_2_Channel.C_003_Unit 2,Unknown_2023-11-08_2_Channel.C_002_Unit 1
Unknown_2023-11-08_3_Channel.C_015_Unit 1,Unknown_2023-11-08_3_Channel.C_021_Unit 1
ER_2023-11-08_4_Channel.C_022_Unit 1,ER_2023-11-08_4_Channel.C_021_Unit 2
ER_2023-11-08_4_Channel.C_022_Unit 2,ER_2023-11-08_4_Channel.C_021_Unit 3
ER_2023-11-08_4_Channel.C_001_Unit 1,ER_2023-11-08_4_Channel.C_010_Unit 1
ER_2023-11-08_4_Channel.C_001_Unit 2,ER_2023-11-08_4_Channel.C_010_Unit 2
ER_2023-11-08_4_Channel.C_010_Unit 1,ER_2023-11-08_4_Channel.C_021_Unit 1
ER_2023-11-08_4_Channel.C_018_Unit 1,ER_2023-11-08_4_Channel.C_005_Unit 2
ER_2023-11-08_4_Channel.C_004_Unit 1,ER_2023-11-08_4_Channel.C_005_Unit 1
ER_2023-11-08_4_Channel.C_021_Unit 1,ER_2023-11-08_4_Channel.C_005_Unit 4
ER_2023-11-08_4_Channel.C_019_Unit 1,ER_2023-11-08_4_Channel.C_005_Unit 3
ER_2023-11-08_4_Channel.C_010_Unit 2,ER_2023-11-08_4_Channel.C_011_Unit 1
ER_2023-11-08_4_Channel.C_018_Unit 2,ER_2023-11-08_4_Channel.C_011_Unit 4
ER_2023-11-08_4_Channel.C_014_Unit 1,ER_2023-11-08_4_Channel.C_011_Unit 2
ER_2023-11-08_4_Channel.C_017_Unit 1,ER_2023-11-08_4_Channel.C_011_Unit 3
ER_2023-11-08_4_Channel.C_020_Unit 1,ER_2023-11-08_4_Channel.C_004_Unit 1
ER_2023-11-08_4_Channel.C_023_Unit 1,ER_2023-11-08_4_Channel.C_004_Unit 2
ER_2023-11-20_1_Channel.C_012_Unit 1,ER_2023-11-20_1_Channel.C_005_Unit 1
ER_2023-11-20_1_Channel.C_016_Unit 1,ER_2023-11-20_1_Channel.C_005_Unit 3
ER_2023-11-20_1_Channel.C_013_Unit 1,ER_2023-11-20_1_Channel.C_005_Unit 2
ER_2023-11-20_1_Channel.C_017_Unit 1,ER_2023-11-20_1_Channel.C_007_Unit 1
ER_2023-11-20_1_Channel.C_004_Unit 1,ER_2023-11-20_1_Channel.C_023_Unit 1
ER_2023-11-20_1_Channel.C_026_Unit 1,ER_2023-11-20_1_Channel.C_008_Unit 2
ER_2023-11-20_1_Channel.C_016_Unit 2,ER_2023-11-20_1_Channel.C_008_Unit 1
ER_2023-11-20_1_Channel.C_009_Unit 1,ER_2023-11-20_1_Channel.C_009_Unit 1
ER_2023-11-20_1_Channel.C_018_Unit 1,ER_2023-11-20_1_Channel.C_010_Unit 1
ER_2023-11-20_1_Channel.C_006_Unit 1,ER_2023-11-20_1_Channel.C_011_Unit 1
ER_2023-11-20_1_Channel.C_019_Unit 1,ER_2023-11-20_1_Channel.C_017_Unit 1
ER_2023-11-20_2_Channel.C_027_Unit 1,ER_2023-11-20_2_Channel.C_029_Unit 1
ER_2023-11-20_2_Channel.C_004_Unit 1,ER_2023-11-20_2_Channel.C_003_Unit 1
ER_2023-11-20_2_Channel.C_008_Unit 1,ER_2023-11-20_2_Channel.C_003_Unit 2
ER_2023-11-20_2_Channel.C_002_Unit 1,ER_2023-11-20_2_Channel.C_004_Unit 1
ER_2023-11-20_2_Channel.C_006_Unit 1,ER_2023-11-20_2_Channel.C_004_Unit 2
ER_2023-11-20_2_Channel.C_017_Unit 1,ER_2023-11-20_2_Channel.C_005_Unit 1
ER_2023-11-20_2_Channel.C_026_Unit 1,ER_2023-11-20_2_Channel.C_006_Unit 2
ER_2023-11-20_2_Channel.C_025_Unit 1,ER_2023-11-20_2_Channel.C_006_Unit 1
ER_2023-11-20_2_Channel.C_023_Unit 1,ER_2023-11-20_2_Channel.C_007_Unit 2
ER_2023-11-20_2_Channel.C_025_Unit 2,ER_2023-11-20_2_Channel.C_007_Unit 3
ER_2023-11-20_2_Channel.C_020_Unit 1,ER_2023-11-20_2_Channel.C_007_Unit 1
ER_2023-11-20_2_Channel.C_024_Unit 1,ER_2023-11-20_2_Channel.C_012_Unit 1
ER_2023-11-20_2_Channel.C_005_Unit 1,ER_2023-11-20_2_Channel.C_020_Unit 1
ER_2023-11-20_2_Channel.C_025_Unit 3,ER_2023-11-20_2_Channel.C_021_Unit 1
ER_2023-11-20_2_Channel.C_012_Unit 1,ER_2023-11-20_2_Channel.C_024_Unit 1
ER_2023-11-22_1_Channel.C_009_Unit 1,ER_2023-11-22_1_Channel.C_021_Unit 1
ER_2023-11-22_1_Channel.C_018_Unit 1,ER_2023-11-22_1_Channel.C_010_Unit 2
ER_2023-11-22_1_Channel.C_023_Unit 1,ER_2023-11-22_1_Channel.C_010_Unit 3
ER_2023-11-22_1_Channel.C_004_Unit 1,ER_2023-11-22_1_Channel.C_010_Unit 1
ER_2023-11-22_1_Channel.C_027_Unit 1,ER_2023-11-22_1_Channel.C_010_Unit 5
ER_2023-11-22_1_Channel.C_025_Unit 1,ER_2023-11-22_1_Channel.C_010_Unit 4
ER_2023-11-22_1_Channel.C_000_Unit 1,ER_2023-11-22_1_Channel.C_005_Unit 1
ER_2023-11-22_1_Channel.C_011_Unit 1,ER_2023-11-22_1_Channel.C_026_Unit 1
ER_2023-11-22_2_Channel.C_024_Unit 1,ER_2023-11-22_2_Channel.C_006_Unit 6
ER_2023-11-22_2_Channel.C_005_Unit 1,ER_2023-11-22_2_Channel.C_006_Unit 1
ER_2023-11-22_2_Channel.C_020_Unit 1,ER_2023-11-22_2_Channel.C_006_Unit 4
ER_2023-11-22_2_Channel.C_025_Unit 1,ER_2023-11-22_2_Channel.C_006_Unit 7
ER_2023-11-22_2_Channel.C_022_Unit 1,ER_2023-11-22_2_Channel.C_006_Unit 5
ER_2023-11-22_2_Channel.C_008_Unit 1,ER_2023-11-22_2_Channel.C_006_Unit 2
ER_2023-11-22_2_Channel.C_010_Unit 1,ER_2023-11-22_2_Channel.C_006_Unit 3
ER_2023-11-22_2_Channel.C_006_Unit 1,ER_2023-11-22_2_Channel.C_026_Unit 1
ER_2023-11-22_2_Channel.C_025_Unit 2,ER_2023-11-22_2_Channel.C_010_Unit 1
ER_2023-11-22_2_Channel.C_009_Unit 1,ER_2023-11-22_2_Channel.C_026_Unit 2
ER_2023-11-22_2_Channel.C_014_Unit 1,ER_2023-11-22_2_Channel.C_020_Unit 1
ER_2023-11-22_2_Channel.C_012_Unit 1,ER_2023-11-22_2_Channel.C_011_Unit 2
ER_2023-11-22_2_Channel.C_011_Unit 1,ER_2023-11-22_2_Channel.C_011_Unit 1
ER_2023-11-22_2_Channel.C_013_Unit 1,ER_2023-11-22_2_Channel.C_011_Unit 3
ER_2023-11-22_2_Channel.C_027_Unit 1,ER_2023-11-22_2_Channel.C_009_Unit 1
ER_2023-11-22_2_Channel.C_026_Unit 1,ER_2023-11-22_2_Channel.C_022_Unit 1
ER_2023-11-22_3_Channel.C_010_Unit 1,ER_2023-11-22_3_Channel.C_021_Unit 2
ER_2023-11-22_3_Channel.C_003_Unit 1,ER_2023-11-22_3_Channel.C_021_Unit 1
ER_2023-11-22_3_Channel.C_010_Unit 2,ER_2023-11-22_3_Channel.C_021_Unit 3
ER_2023-11-22_3_Channel.C_020_Unit 1,ER_2023-11-22_3_Channel.C_006_Unit 3
ER_2023-11-22_3_Channel.C_003_Unit 2,ER_2023-11-22_3_Channel.C_006_Unit 1
ER_2023-11-22_3_Channel.C_005_Unit 1,ER_2023-11-22_3_Channel.C_006_Unit 2
ER_2023-11-22_3_Channel.C_025_Unit 1,ER_2023-11-22_3_Channel.C_006_Unit 5
ER_2023-11-22_3_Channel.C_022_Unit 1,ER_2023-11-22_3_Channel.C_006_Unit 4
ER_2023-11-22_3_Channel.C_010_Unit 3,ER_2023-11-22_3_Channel.C_010_Unit 1
ER_2023-11-22_3_Channel.C_018_Unit 1,ER_2023-11-22_3_Channel.C_010_Unit 2
ER_2023-11-22_3_Channel.C_006_Unit 1,ER_2023-11-22_3_Channel.C_026_Unit 1
ER_2023-11-22_3_Channel.C_017_Unit 1,ER_2023-11-22_3_Channel.C_026_Unit 2
ER_2023-11-22_3_Channel.C_024_Unit 1,ER_2023-11-22_3_Channel.C_011_Unit 2
ER_2023-11-22_3_Channel.C_003_Unit 3,ER_2023-11-22_3_Channel.C_020_Unit 1
ER_2023-11-22_3_Channel.C_025_Unit 2,ER_2023-11-22_3_Channel.C_005_Unit 1
ER_2023-11-22_3_Channel.C_014_Unit 1,ER_2023-11-22_3_Channel.C_011_Unit 1
ER_2023-11-22_3_Channel.C_027_Unit 1,ER_2023-11-22_3_Channel.C_009_Unit 1
ER_2023-11-22_4_Channel.C_020_Unit 1,ER_2023-11-22_4_Channel.C_021_Unit 1
ER_2023-11-22_4_Channel.C_010_Unit 1,ER_2023-11-22_4_Channel.C_026_Unit 1
ER_2023-11-22_4_Channel.C_025_Unit 1,ER_2023-11-22_4_Channel.C_026_Unit 5
ER_2023-11-22_4_Channel.C_016_Unit 1,ER_2023-11-22_4_Channel.C_026_Unit 2
ER_2023-11-22_4_Channel.C_016_Unit 2,ER_2023-11-22_4_Channel.C_026_Unit 3
ER_2023-11-22_4_Channel.C_016_Unit 3,ER_2023-11-22_4_Channel.C_026_Unit 4
ER_2023-11-22_4_Channel.C_015_Unit 1,ER_2023-11-22_4_Channel.C_005_Unit 1
ER_2023-11-22_4_Channel.C_025_Unit 2,ER_2023-11-22_4_Channel.C_020_Unit 3
ER_2023-11-22_4_Channel.C_018_Unit 1,ER_2023-11-22_4_Channel.C_020_Unit 2
ER_2023-11-22_4_Channel.C_002_Unit 1,ER_2023-11-22_4_Channel.C_020_Unit 1
ER_2023-11-22_4_Channel.C_016_Unit 4,ER_2023-11-22_4_Channel.C_011_Unit 2
ER_2023-11-22_4_Channel.C_001_Unit 1,ER_2023-11-22_4_Channel.C_011_Unit 1
ER_2023-11-22_4_Channel.C_013_Unit 1,ER_2023-11-22_4_Channel.C_022_Unit 1
ER_2023-11-22_4_Channel.C_016_Unit 5,ER_2023-11-22_4_Channel.C_022_Unit 2
ER_2023-11-22_4_Channel.C_022_Unit 1,ER_2023-11-22_4_Channel.C_009_Unit 1
ER_2023-11-22_4_Channel.C_026_Unit 1,ER_2023-11-22_4_Channel.C_009_Unit 2
ER_2023-11-25_1_Channel.C_009_Unit 1,ER_2023-11-25_1_Channel.C_006_Unit 2
ER_2023-11-25_1_Channel.C_003_Unit 1,ER_2023-11-25_1_Channel.C_006_Unit 1
ER_2023-11-25_1_Channel.C_004_Unit 1,ER_2023-11-25_1_Channel.C_022_Unit 1
ER_2023-11-25_1_Channel.C_013_Unit 1,ER_2023-11-25_1_Channel.C_009_Unit 1
ER_2023-11-25_1_Channel.C_024_Unit 1,ER_2023-11-25_1_Channel.C_022_Unit 3
ER_2023-11-25_1_Channel.C_007_Unit 1,ER_2023-11-25_1_Channel.C_022_Unit 2
ER_2023-11-25_1_Channel.C_019_Unit 1,ER_2023-11-25_1_Channel.C_027_Unit 1
ER_2023-11-25_1_Channel.C_017_Unit 1,ER_2023-11-25_1_Channel.C_009_Unit 2
ER_2023-11-25_1_Channel.C_027_Unit 1,ER_2023-11-25_1_Channel.C_009_Unit 3
ER_2023-11-25_1_Channel.C_023_Unit 1,ER_2023-11-25_1_Channel.C_019_Unit 1
ER_2023-11-25_1_Channel.C_008_Unit 1,ER_2023-11-25_1_Channel.C_004_Unit 1
ER_2023-11-25_2_Channel.C_028_Unit 1,ER_2023-11-25_2_Channel.C_029_Unit 1
ER_2023-11-25_2_Channel.C_017_Unit 1,ER_2023-11-25_2_Channel.C_000_Unit 1
ER_2023-11-25_2_Channel.C_024_Unit 1,ER_2023-11-25_2_Channel.C_022_Unit 2
ER_2023-11-25_2_Channel.C_007_Unit 1,ER_2023-11-25_2_Channel.C_011_Unit 2
ER_2023-11-25_2_Channel.C_013_Unit 1,ER_2023-11-25_2_Channel.C_011_Unit 3
ER_2023-11-25_2_Channel.C_000_Unit 1,ER_2023-11-25_2_Channel.C_011_Unit 1
ER_2023-11-25_2_Channel.C_017_Unit 2,ER_2023-11-25_2_Channel.C_022_Unit 1
ER_2023-11-25_2_Channel.C_028_Unit 2,ER_2023-11-25_2_Channel.C_004_Unit 1
ER_2023-11-25_2_Channel.C_013_Unit 2,ER_2023-11-25_2_Channel.C_028_Unit 2
ER_2023-11-25_2_Channel.C_027_Unit 1,ER_2023-11-25_2_Channel.C_028_Unit 4
ER_2023-11-25_2_Channel.C_028_Unit 3,ER_2023-11-25_2_Channel.C_028_Unit 5
ER_2023-11-25_2_Channel.C_008_Unit 1,ER_2023-11-25_2_Channel.C_028_Unit 1
ER_2023-11-25_2_Channel.C_023_Unit 1,ER_2023-11-25_2_Channel.C_028_Unit 3
ER_2023-11-25_2_Channel.C_016_Unit 1,ER_2023-11-25_2_Channel.C_003_Unit 1
ER_2023-11-25_2_Channel.C_002_Unit 1,ER_2023-11-25_2_Channel.C_024_Unit 1
ER_2023-11-25_3_Channel.C_028_Unit 1,ER_2023-11-25_3_Channel.C_002_Unit 1
ER_2023-11-25_3_Channel.C_007_Unit 1,ER_2023-11-25_3_Channel.C_028_Unit 1
ER_2023-11-25_3_Channel.C_028_Unit 2,ER_2023-11-25_3_Channel.C_022_Unit 5
ER_2023-11-25_3_Channel.C_018_Unit 1,ER_2023-11-25_3_Channel.C_028_Unit 5
ER_2023-11-25_3_Channel.C_017_Unit 1,ER_2023-11-25_3_Channel.C_022_Unit 3
ER_2023-11-25_3_Channel.C_014_Unit 1,ER_2023-11-25_3_Channel.C_022_Unit 2
ER_2023-11-25_3_Channel.C_024_Unit 1,ER_2023-11-25_3_Channel.C_011_Unit 2
ER_2023-11-25_3_Channel.C_022_Unit 1,ER_2023-11-25_3_Channel.C_022_Unit 4
ER_2023-11-25_3_Channel.C_013_Unit 1,ER_2023-11-25_3_Channel.C_022_Unit 1
ER_2023-11-25_3_Channel.C_002_Unit 1,ER_2023-11-25_3_Channel.C_011_Unit 1
ER_2023-11-25_3_Channel.C_029_Unit 1,ER_2023-11-25_3_Channel.C_004_Unit 1
ER_2023-11-25_3_Channel.C_022_Unit 2,ER_2023-11-25_3_Channel.C_009_Unit 1
ER_2023-11-25_3_Channel.C_007_Unit 2,ER_2023-11-25_3_Channel.C_028_Unit 2
ER_2023-11-25_3_Channel.C_002_Unit 2,ER_2023-11-25_3_Channel.C_018_Unit 1
ER_2023-11-25_3_Channel.C_014_Unit 2,ER_2023-11-25_3_Channel.C_028_Unit 4
ER_2023-11-25_3_Channel.C_011_Unit 1,ER_2023-11-25_3_Channel.C_028_Unit 3
ER_2023-11-25_3_Channel.C_018_Unit 2,ER_2023-11-25_3_Channel.C_024_Unit 2
ER_2023-11-25_3_Channel.C_002_Unit 3,ER_2023-11-25_3_Channel.C_003_Unit 1
ER_2023-11-25_3_Channel.C_000_Unit 1,ER_2023-11-25_3_Channel.C_024_Unit 1
ER_2023-11-27_1_Channel.C_027_Unit 1,ER_2023-11-27_1_Channel.C_006_Unit 1
ER_2023-11-27_1_Channel.C_024_Unit 1,ER_2023-11-27_1_Channel.C_026_Unit 1
ER_2023-11-27_1_Channel.C_014_Unit 1,ER_2023-11-27_1_Channel.C_009_Unit 1
ER_2023-11-27_1_Channel.C_029_Unit 1,ER_2023-11-27_1_Channel.C_018_Unit 1
ER_2023-11-27_2_Channel.C_027_Unit 1,ER_2023-11-27_2_Channel.C_026_Unit 1
ER_2023-11-27_2_Channel.C_022_Unit 1,ER_2023-11-27_2_Channel.C_020_Unit 3
ER_2023-11-27_2_Channel.C_012_Unit 1,ER_2023-11-27_2_Channel.C_020_Unit 1
ER_2023-11-27_2_Channel.C_020_Unit 1,ER_2023-11-27_2_Channel.C_020_Unit 2
ER_2023-11-27_2_Channel.C_000_Unit 1,ER_2023-11-27_2_Channel.C_005_Unit 1
ER_2023-11-27_2_Channel.C_023_Unit 1,ER_2023-11-27_2_Channel.C_005_Unit 2
ER_2023-11-27_2_Channel.C_003_Unit 1,ER_2023-11-27_2_Channel.C_022_Unit 1
ER_2023-11-27_2_Channel.C_019_Unit 1,ER_2023-11-27_2_Channel.C_022_Unit 2
ER_2023-11-27_2_Channel.C_009_Unit 1,ER_2023-11-27_2_Channel.C_009_Unit 1
ER_2023-11-27_2_Channel.C_014_Unit 1,ER_2023-11-27_2_Channel.C_012_Unit 1
ER_2023-11-27_2_Channel.C_029_Unit 1,ER_2023-11-27_2_Channel.C_012_Unit 2
ER_2023-11-27_3_Channel.C_017_Unit 1,ER_2023-11-27_3_Channel.C_006_Unit 1
ER_2023-11-27_3_Channel.C_028_Unit 1,ER_2023-11-27_3_Channel.C_006_Unit 2
ER_2023-11-27_3_Channel.C_024_Unit 1,ER_2023-11-27_3_Channel.C_021_Unit 1
ER_2023-11-27_3_Channel.C_029_Unit 1,ER_2023-11-27_3_Channel.C_006_Unit 3
ER_2023-11-27_3_Channel.C_024_Unit 2,ER_2023-11-27_3_Channel.C_010_Unit 1
ER_2023-11-27_3_Channel.C_002_Unit 1,ER_2023-11-27_3_Channel.C_026_Unit 1
ER_2023-11-27_3_Channel.C_027_Unit 1,ER_2023-11-27_3_Channel.C_010_Unit 2
ER_2023-11-27_3_Channel.C_017_Unit 2,ER_2023-11-27_3_Channel.C_005_Unit 1
ER_2023-11-27_3_Channel.C_025_Unit 1,ER_2023-11-27_3_Channel.C_027_Unit 1
ER_2023-11-27_3_Channel.C_027_Unit 2,ER_2023-11-27_3_Channel.C_004_Unit 1
ER_2023-11-27_3_Channel.C_013_Unit 1,ER_2023-11-27_3_Channel.C_012_Unit 2
ER_2023-11-27_3_Channel.C_023_Unit 1,ER_2023-11-27_3_Channel.C_028_Unit 1
ER_2023-11-27_3_Channel.C_002_Unit 2,ER_2023-11-27_3_Channel.C_012_Unit 1
ER_2023-11-27_3_Channel.C_012_Unit 1,ER_2023-11-27_3_Channel.C_024_Unit 1
ER_2023-11-27_3_Channel.C_016_Unit 1,ER_2023-11-27_3_Channel.C_003_Unit 1
ER_2023-11-27_3_Channel.C_016_Unit 2,ER_2023-11-27_3_Channel.C_018_Unit 1
ER_2023-11-28_3_Channel.C_003_Unit 1,ER_2023-11-28_3_Channel.C_025_Unit 1
ER_2023-11-28_3_Channel.C_015_Unit 1,ER_2023-11-28_3_Channel.C_009_Unit 6
ER_2023-11-28_3_Channel.C_028_Unit 1,ER_2023-11-28_3_Channel.C_005_Unit 1
ER_2023-11-28_3_Channel.C_024_Unit 1,ER_2023-11-28_3_Channel.C_011_Unit 1
ER_2023-11-28_3_Channel.C_003_Unit 2,ER_2023-11-28_3_Channel.C_009_Unit 1
ER_2023-11-28_3_Channel.C_015_Unit 2,ER_2023-11-28_3_Channel.C_027_Unit 4
ER_2023-11-28_3_Channel.C_014_Unit 1,ER_2023-11-28_3_Channel.C_009_Unit 5
ER_2023-11-28_3_Channel.C_004_Unit 1,ER_2023-11-28_3_Channel.C_009_Unit 4
ER_2023-11-28_3_Channel.C_003_Unit 3,ER_2023-11-28_3_Channel.C_009_Unit 2
ER_2023-11-28_3_Channel.C_003_Unit 4,ER_2023-11-28_3_Channel.C_009_Unit 3
ER_2023-11-28_3_Channel.C_009_Unit 1,ER_2023-11-28_3_Channel.C_027_Unit 2
ER_2023-11-28_3_Channel.C_012_Unit 1,ER_2023-11-28_3_Channel.C_027_Unit 3
ER_2023-11-28_3_Channel.C_028_Unit 2,ER_2023-11-28_3_Channel.C_027_Unit 5
ER_2023-11-28_3_Channel.C_007_Unit 1,ER_2023-11-28_3_Channel.C_027_Unit 1
ER_2023-11-28_3_Channel.C_001_Unit 1,ER_2023-11-28_3_Channel.C_028_Unit 1
ER_2023-11-28_4_Channel.C_012_Unit 1,ER_2023-11-28_4_Channel.C_006_Unit 1
ER_2023-11-28_4_Channel.C_015_Unit 1,ER_2023-11-28_4_Channel.C_005_Unit 1
ER_2023-11-28_4_Channel.C_009_Unit 1,ER_2023-11-28_4_Channel.C_011_Unit 1
ER_2023-11-28_4_Channel.C_028_Unit 1,ER_2023-11-28_4_Channel.C_011_Unit 2
ER_2023-11-28_4_Channel.C_023_Unit 1,ER_2023-11-28_4_Channel.C_009_Unit 3
ER_2023-11-28_4_Channel.C_004_Unit 1,ER_2023-11-28_4_Channel.C_004_Unit 2
ER_2023-11-28_4_Channel.C_027_Unit 1,ER_2023-11-28_4_Channel.C_004_Unit 4
ER_2023-11-28_4_Channel.C_004_Unit 2,ER_2023-11-28_4_Channel.C_009_Unit 1
ER_2023-11-28_4_Channel.C_031_Unit 1,ER_2023-11-28_4_Channel.C_009_Unit 5
ER_2023-11-28_4_Channel.C_008_Unit 1,ER_2023-11-28_4_Channel.C_009_Unit 2
ER_2023-11-28_4_Channel.C_024_Unit 1,ER_2023-11-28_4_Channel.C_009_Unit 4
ER_2023-11-28_4_Channel.C_003_Unit 1,ER_2023-11-28_4_Channel.C_004_Unit 1
ER_2023-11-28_4_Channel.C_019_Unit 1,ER_2023-11-28_4_Channel.C_004_Unit 3
ER_2023-11-28_4_Channel.C_000_Unit 1,ER_2023-11-28_4_Channel.C_019_Unit 1
ER_2023-11-28_4_Channel.C_007_Unit 1,ER_2023-11-28_4_Channel.C_027_Unit 1
ER_2023-11-28_4_Channel.C_009_Unit 2,ER_2023-11-28_4_Channel.C_027_Unit 2
ER_2023-11-28_4_Channel.C_031_Unit 2,ER_2023-11-28_4_Channel.C_004_Unit 5
ER_2023-11-28_4_Channel.C_030_Unit 1,ER_2023-11-28_4_Channel.C_019_Unit 2
ER_2023-12-05_4_Channel.C_025_Unit 1,ER_2023-12-05_4_Channel.C_025_Unit 2
ER_2023-12-05_4_Channel.C_018_Unit 1,ER_2023-12-05_4_Channel.C_025_Unit 1
ER_2023-12-05_4_Channel.C_003_Unit 1,ER_2023-12-05_4_Channel.C_006_Unit 1
ER_2023-12-05_4_Channel.C_024_Unit 1,ER_2023-12-05_4_Channel.C_006_Unit 2
ER_2023-12-05_4_Channel.C_005_Unit 1,ER_2023-12-05_4_Channel.C_010_Unit 1
ER_2023-12-05_4_Channel.C_016_Unit 1,ER_2023-12-05_4_Channel.C_021_Unit 1
ER_2023-12-05_4_Channel.C_024_Unit 2,ER_2023-12-05_4_Channel.C_010_Unit 2
ER_2023-12-05_4_Channel.C_015_Unit 1,ER_2023-12-05_4_Channel.C_005_Unit 1
ER_2023-12-05_4_Channel.C_014_Unit 1,ER_2023-12-05_4_Channel.C_026_Unit 2
ER_2023-12-05_4_Channel.C_008_Unit 1,ER_2023-12-05_4_Channel.C_026_Unit 1
ER_2023-12-05_4_Channel.C_008_Unit 2,ER_2023-12-05_4_Channel.C_020_Unit 1
ER_2023-12-05_4_Channel.C_009_Unit 1,ER_2023-12-05_4_Channel.C_011_Unit 1
ER_2023-12-07_1_Channel.C_008_Unit 1,ER_2023-12-07_1_Channel.C_006_Unit 1
ER_2023-12-07_1_Channel.C_003_Unit 1,ER_2023-12-07_1_Channel.C_010_Unit 1
ER_2023-12-07_1_Channel.C_014_Unit 1,ER_2023-12-07_1_Channel.C_026_Unit 1
ER_2023-12-07_1_Channel.C_017_Unit 1,ER_2023-12-07_1_Channel.C_008_Unit 1
ER_2023-12-07_1_Channel.C_015_Unit 1,ER_2023-12-07_1_Channel.C_012_Unit 1
ER_2023-12-07_1_Channel.C_001_Unit 1,ER_2023-12-07_1_Channel.C_028_Unit 1
ER_2023-12-07_2_Channel.C_011_Unit 1,ER_2023-12-07_2_Channel.C_025_Unit 1
ER_2023-12-07_2_Channel.C_025_Unit 1,ER_2023-12-07_2_Channel.C_020_Unit 3
ER_2023-12-07_2_Channel.C_013_Unit 1,ER_2023-12-07_2_Channel.C_020_Unit 1
ER_2023-12-07_2_Channel.C_029_Unit 1,ER_2023-12-07_2_Channel.C_011_Unit 2
ER_2023-12-07_2_Channel.C_007_Unit 1,ER_2023-12-07_2_Channel.C_011_Unit 1
ER_2023-12-07_2_Channel.C_018_Unit 1,ER_2023-12-07_2_Channel.C_020_Unit 2
ER_2023-12-07_2_Channel.C_001_Unit 1,ER_2023-12-07_2_Channel.C_022_Unit 1
ER_2023-12-07_2_Channel.C_026_Unit 1,ER_2023-12-07_2_Channel.C_004_Unit 1
ER_2023-12-07_2_Channel.C_000_Unit 1,ER_2023-12-07_2_Channel.C_019_Unit 1
ER_2023-12-07_3_Channel.C_020_Unit 1,ER_2023-12-07_3_Channel.C_025_Unit 3
ER_2023-12-07_3_Channel.C_004_Unit 1,ER_2023-12-07_3_Channel.C_025_Unit 1
ER_2023-12-07_3_Channel.C_020_Unit 2,ER_2023-12-07_3_Channel.C_025_Unit 4
ER_2023-12-07_3_Channel.C_018_Unit 1,ER_2023-12-07_3_Channel.C_025_Unit 2
ER_2023-12-07_3_Channel.C_025_Unit 1,ER_2023-12-07_3_Channel.C_006_Unit 1
ER_2023-12-07_3_Channel.C_017_Unit 1,ER_2023-12-07_3_Channel.C_010_Unit 1
ER_2023-12-07_3_Channel.C_017_Unit 2,ER_2023-12-07_3_Channel.C_005_Unit 1
ER_2023-12-07_3_Channel.C_027_Unit 1,ER_2023-12-07_3_Channel.C_011_Unit 3
ER_2023-12-07_3_Channel.C_002_Unit 1,ER_2023-12-07_3_Channel.C_020_Unit 1
ER_2023-12-07_3_Channel.C_018_Unit 2,ER_2023-12-07_3_Channel.C_011_Unit 2
ER_2023-12-07_3_Channel.C_016_Unit 1,ER_2023-12-07_3_Channel.C_011_Unit 1
ER_2023-12-07_3_Channel.C_008_Unit 1,ER_2023-12-07_3_Channel.C_009_Unit 2
ER_2023-12-07_3_Channel.C_029_Unit 1,ER_2023-12-07_3_Channel.C_009_Unit 4
ER_2023-12-07_3_Channel.C_026_Unit 1,ER_2023-12-07_3_Channel.C_022_Unit 3
ER_2023-12-07_3_Channel.C_009_Unit 1,ER_2023-12-07_3_Channel.C_022_Unit 2
ER_2023-12-07_3_Channel.C_002_Unit 2,ER_2023-12-07_3_Channel.C_022_Unit 1
ER_2023-12-07_3_Channel.C_000_Unit 1,ER_2023-12-07_3_Channel.C_009_Unit 1
ER_2023-12-07_3_Channel.C_022_Unit 1,ER_2023-12-07_3_Channel.C_009_Unit 3
ER_2023-12-07_3_Channel.C_008_Unit 2,ER_2023-12-07_3_Channel.C_004_Unit 1
ER_2023-12-11_2_Channel.C_004_Unit 1,ER_2023-12-11_2_Channel.C_006_Unit 1
ER_2023-12-11_2_Channel.C_005_Unit 1,ER_2023-12-11_2_Channel.C_006_Unit 2
ER_2023-12-11_2_Channel.C_024_Unit 1,ER_2023-12-11_2_Channel.C_010_Unit 1
ER_2023-12-11_2_Channel.C_004_Unit 2,ER_2023-12-11_2_Channel.C_026_Unit 1
ER_2023-12-11_2_Channel.C_020_Unit 1,ER_2023-12-11_2_Channel.C_026_Unit 2
ER_2023-12-11_2_Channel.C_019_Unit 1,ER_2023-12-11_2_Channel.C_004_Unit 1
ER_2023-12-11_3_Channel.C_022_Unit 1,ER_2023-12-11_3_Channel.C_010_Unit 2
ER_2023-12-11_3_Channel.C_024_Unit 1,ER_2023-12-11_3_Channel.C_010_Unit 3
ER_2023-12-11_3_Channel.C_019_Unit 1,ER_2023-12-11_3_Channel.C_010_Unit 1
ER_2023-12-11_3_Channel.C_015_Unit 1,ER_2023-12-11_3_Channel.C_026_Unit 1
ER_2023-12-11_3_Channel.C_028_Unit 1,ER_2023-12-11_3_Channel.C_005_Unit 1
ER_2023-12-11_3_Channel.C_028_Unit 2,ER_2023-12-11_3_Channel.C_005_Unit 2
ER_2023-12-11_3_Channel.C_011_Unit 1,ER_2023-12-11_3_Channel.C_020_Unit 1
ER_2023-12-11_3_Channel.C_001_Unit 1,ER_2023-12-11_3_Channel.C_011_Unit 1
ER_2023-12-11_3_Channel.C_020_Unit 1,ER_2023-12-11_3_Channel.C_011_Unit 2
ER_2023-12-11_4_Channel.C_009_Unit 1,ER_2023-12-11_4_Channel.C_006_Unit 1
ER_2023-12-11_4_Channel.C_028_Unit 1,ER_2023-12-11_4_Channel.C_010_Unit 1
ER_2023-12-11_4_Channel.C_023_Unit 1,ER_2023-12-11_4_Channel.C_026_Unit 2
ER_2023-12-11_4_Channel.C_011_Unit 1,ER_2023-12-11_4_Channel.C_026_Unit 1
ER_2023-12-11_4_Channel.C_015_Unit 1,ER_2023-12-11_4_Channel.C_005_Unit 1
ER_2023-12-11_4_Channel.C_022_Unit 1,ER_2023-12-11_4_Channel.C_011_Unit 1
ER_2023-12-14_1_Channel.C_012_Unit 1,ER_2023-12-14_1_Channel.C_012_Unit 1
ER_2023-12-14_1_Channel.C_013_Unit 1,ER_2023-12-14_1_Channel.C_026_Unit 1
ER_2023-12-14_1_Channel.C_008_Unit 1,ER_2023-12-14_1_Channel.C_020_Unit 1
ER_2023-12-14_1_Channel.C_001_Unit 1,ER_2023-12-14_1_Channel.C_003_Unit 1
ER_2023-12-14_1_Channel.C_003_Unit 1,ER_2023-12-14_1_Channel.C_018_Unit 1
ER_2023-12-14_1_Channel.C_008_Unit 2,ER_2023-12-14_1_Channel.C_002_Unit 1
ER_2023-12-14_2_Channel.C_017_Unit 1,ER_2023-12-14_2_Channel.C_026_Unit 1
ER_2023-12-14_2_Channel.C_020_Unit 1,ER_2023-12-14_2_Channel.C_011_Unit 1
ER_2023-12-14_2_Channel.C_012_Unit 1,ER_2023-12-14_2_Channel.C_020_Unit 1
ER_2023-12-14_2_Channel.C_024_Unit 1,ER_2023-12-14_2_Channel.C_022_Unit 1
ER_2023-12-14_2_Channel.C_012_Unit 2,ER_2023-12-14_2_Channel.C_012_Unit 1
ER_2023-12-14_4_Channel.C_015_Unit 1,ER_2023-12-14_4_Channel.C_006_Unit 1
ER_2023-12-14_4_Channel.C_008_Unit 1,ER_2023-12-14_4_Channel.C_026_Unit 1
ER_2023-12-14_4_Channel.C_024_Unit 1,ER_2023-12-14_4_Channel.C_011_Unit 1
ER_2023-12-14_4_Channel.C_013_Unit 1,ER_2023-12-14_4_Channel.C_022_Unit 1
ER_2023-12-14_4_Channel.C_014_Unit 1,ER_2023-12-14_4_Channel.C_002_Unit 1
ER_2023-12-18_1_Channel.C_018_Unit 1,ER_2023-12-18_1_Channel.C_006_Unit 1
ER_2023-12-18_1_Channel.C_001_Unit 1,ER_2023-12-18_1_Channel.C_010_Unit 1
ER_2023-12-18_1_Channel.C_008_Unit 1,ER_2023-12-18_1_Channel.C_020_Unit 1
ER_2023-12-18_1_Channel.C_016_Unit 1,ER_2023-12-18_1_Channel.C_027_Unit 1
ER_2023-12-18_1_Channel.C_014_Unit 1,ER_2023-12-18_1_Channel.C_012_Unit 1
ER_2023-12-18_1_Channel.C_030_Unit 1,ER_2023-12-18_1_Channel.C_003_Unit 1
ER_2023-12-18_1_Channel.C_018_Unit 2,ER_2023-12-18_1_Channel.C_018_Unit 1
ER_2023-12-18_1_Channel.C_023_Unit 1,ER_2023-12-18_1_Channel.C_029_Unit 1
ER_2023-12-18_2_Channel.C_012_Unit 1,ER_2023-12-18_2_Channel.C_000_Unit 1
ER_2023-12-18_2_Channel.C_029_Unit 1,ER_2023-12-18_2_Channel.C_001_Unit 1
ER_2023-12-18_2_Channel.C_011_Unit 1,ER_2023-12-18_2_Channel.C_002_Unit 1
ER_2023-12-18_2_Channel.C_030_Unit 1,ER_2023-12-18_2_Channel.C_003_Unit 1
ER_2023-12-18_2_Channel.C_017_Unit 1,ER_2023-12-18_2_Channel.C_004_Unit 1
ER_2023-12-18_2_Channel.C_027_Unit 1,ER_2023-12-18_2_Channel.C_005_Unit 1
ER_2023-12-18_2_Channel.C_026_Unit 1,ER_2023-12-18_2_Channel.C_009_Unit 1
ER_2023-12-18_2_Channel.C_002_Unit 1,ER_2023-12-18_2_Channel.C_010_Unit 1
ER_2023-12-18_2_Channel.C_003_Unit 1,ER_2023-12-18_2_Channel.C_013_Unit 1
ER_2023-12-18_2_Channel.C_000_Unit 1,ER_2023-12-18_2_Channel.C_014_Unit 1
ER_2023-12-18_2_Channel.C_013_Unit 1,ER_2023-12-18_2_Channel.C_015_Unit 1
ER_2023-12-18_2_Channel.C_012_Unit 2,ER_2023-12-18_2_Channel.C_017_Unit 1
ER_2023-12-18_2_Channel.C_029_Unit 2,ER_2023-12-18_2_Channel.C_011_Unit 1
ER_2023-12-18_3_Channel.C_020_Unit 1,ER_2023-12-18_3_Channel.C_000_Unit 1
ER_2023-12-18_3_Channel.C_002_Unit 1,ER_2023-12-18_3_Channel.C_001_Unit 1
ER_2023-12-18_3_Channel.C_012_Unit 1,ER_2023-12-18_3_Channel.C_002_Unit 1
ER_2023-12-18_3_Channel.C_029_Unit 1,ER_2023-12-18_3_Channel.C_002_Unit 2
ER_2023-12-18_3_Channel.C_014_Unit 1,ER_2023-12-18_3_Channel.C_003_Unit 1
ER_2023-12-18_3_Channel.C_026_Unit 1,ER_2023-12-18_3_Channel.C_004_Unit 1
ER_2023-12-18_3_Channel.C_014_Unit 2,ER_2023-12-18_3_Channel.C_007_Unit 1
ER_2023-12-18_3_Channel.C_022_Unit 1,ER_2023-12-18_3_Channel.C_008_Unit 1
ER_2023-12-18_3_Channel.C_003_Unit 1,ER_2023-12-18_3_Channel.C_009_Unit 1
ER_2023-12-18_3_Channel.C_015_Unit 1,ER_2023-12-18_3_Channel.C_010_Unit 1
ER_2023-12-18_3_Channel.C_021_Unit 1,ER_2023-12-18_3_Channel.C_012_Unit 1
ER_2023-12-18_3_Channel.C_023_Unit 1,ER_2023-12-18_3_Channel.C_012_Unit 2
ER_2023-12-18_3_Channel.C_016_Unit 1,ER_2023-12-18_3_Channel.C_013_Unit 1
ER_2023-12-18_3_Channel.C_000_Unit 1,ER_2023-12-18_3_Channel.C_014_Unit 1
ER_2023-12-18_3_Channel.C_004_Unit 1,ER_2023-12-18_3_Channel.C_015_Unit 1
ER_2023-12-18_3_Channel.C_013_Unit 1,ER_2023-12-18_3_Channel.C_016_Unit 1
